Dataset,Outlier_Frac,Trial,Config,Rel_Error
Misra1a,0.0,0,rho_f=0.85,4.758518264107041e-12
Misra1a,0.1,0,rho_f=0.85,0.04513267833065372
Misra1a,0.1,1,rho_f=0.85,0.046278447664320384
Misra1a,0.1,2,rho_f=0.85,0.04627844766429778
Misra1a,0.1,3,rho_f=0.85,0.04627844766431924
Misra1a,0.1,4,rho_f=0.85,0.03219131280514988
Misra1a,0.1,5,rho_f=0.85,0.045223934913160325
Misra1a,0.1,6,rho_f=0.85,0.04627844766432049
Misra1a,0.1,7,rho_f=0.85,0.04526824248391082
Misra1a,0.1,8,rho_f=0.85,0.046278447664316325
Misra1a,0.1,9,rho_f=0.85,0.04627844766424907
Misra1a,0.1,10,rho_f=0.85,0.0462784476643189
Misra1a,0.1,11,rho_f=0.85,0.04627844766431817
Misra1a,0.1,12,rho_f=0.85,0.04481852313661876
Misra1a,0.1,13,rho_f=0.85,0.04523532802512341
Misra1a,0.1,14,rho_f=0.85,0.04526836456421526
Misra1a,0.1,15,rho_f=0.85,0.036899399460750014
Misra1a,0.1,16,rho_f=0.85,0.04514843725347175
Misra1a,0.1,17,rho_f=0.85,0.04627844766432145
Misra1a,0.1,18,rho_f=0.85,0.045222196929443494
Misra1a,0.1,19,rho_f=0.85,0.04522527234253166
Misra1a,0.3,0,rho_f=0.85,0.04319775784165555
Misra1a,0.3,1,rho_f=0.85,0.03884177818925582
Misra1a,0.3,2,rho_f=0.85,0.04627844766420661
Misra1a,0.3,3,rho_f=0.85,0.04627844766412975
Misra1a,0.3,4,rho_f=0.85,0.046173035198438406
Misra1a,0.3,5,rho_f=0.85,0.04627844766427864
Misra1a,0.3,6,rho_f=0.85,0.04410907244645348
Misra1a,0.3,7,rho_f=0.85,0.03594818836572811
Misra1a,0.3,8,rho_f=0.85,0.022742809483832064
Misra1a,0.3,9,rho_f=0.85,0.04627844766431455
Misra1a,0.3,10,rho_f=0.85,0.034118871630668374
Misra1a,0.3,11,rho_f=0.85,0.04627844766430403
Misra1a,0.3,12,rho_f=0.85,0.04627844766431702
Misra1a,0.3,13,rho_f=0.85,0.04627844766429318
Misra1a,0.3,14,rho_f=0.85,0.02178501539322907
Misra1a,0.3,15,rho_f=0.85,0.047128079975998334
Misra1a,0.3,16,rho_f=0.85,0.04627844766426721
Misra1a,0.3,17,rho_f=0.85,0.046278447664274705
Misra1a,0.3,18,rho_f=0.85,0.04629868625690289
Misra1a,0.3,19,rho_f=0.85,0.04649747272769378
Chwirut2,0.0,0,rho_f=0.85,0.09795430655359494
Chwirut2,0.1,0,rho_f=0.85,0.06487272620756274
Chwirut2,0.1,1,rho_f=0.85,0.17652563595070123
Chwirut2,0.1,2,rho_f=0.85,0.09272659478835055
Chwirut2,0.1,3,rho_f=0.85,0.09795327571674296
Chwirut2,0.1,4,rho_f=0.85,0.09272942352940054
Chwirut2,0.1,5,rho_f=0.85,0.09154350274856274
Chwirut2,0.1,6,rho_f=0.85,0.09272876241432428
Chwirut2,0.1,7,rho_f=0.85,0.09795256464727732
Chwirut2,0.1,8,rho_f=0.85,0.16933850950620946
Chwirut2,0.1,9,rho_f=0.85,0.0907307732023858
Chwirut2,0.1,10,rho_f=0.85,0.0752608637628693
Chwirut2,0.1,11,rho_f=0.85,0.0920981292271025
Chwirut2,0.1,12,rho_f=0.85,0.09795571460612072
Chwirut2,0.1,13,rho_f=0.85,0.09153894648363826
Chwirut2,0.1,14,rho_f=0.85,0.09074346826625991
Chwirut2,0.1,15,rho_f=0.85,0.09357907495240139
Chwirut2,0.1,16,rho_f=0.85,0.09069095403855418
Chwirut2,0.1,17,rho_f=0.85,0.09074385268186332
Chwirut2,0.1,18,rho_f=0.85,0.13849066524595036
Chwirut2,0.1,19,rho_f=0.85,0.06509317120776537
Chwirut2,0.3,0,rho_f=0.85,0.2793690761522247
Chwirut2,0.3,1,rho_f=0.85,0.0985585903106558
Chwirut2,0.3,2,rho_f=0.85,0.09149044457645744
Chwirut2,0.3,3,rho_f=0.85,0.07526246545811065
Chwirut2,0.3,4,rho_f=0.85,0.07525832637261187
Chwirut2,0.3,5,rho_f=0.85,0.1396520259898356
Chwirut2,0.3,6,rho_f=0.85,0.3206983047330713
Chwirut2,0.3,7,rho_f=0.85,0.0914907096519347
Chwirut2,0.3,8,rho_f=0.85,0.11265939617686223
Chwirut2,0.3,9,rho_f=0.85,0.09793699623226315
Chwirut2,0.3,10,rho_f=0.85,0.12843841415895849
Chwirut2,0.3,11,rho_f=0.85,0.09848240952899108
Chwirut2,0.3,12,rho_f=0.85,0.0648613585753841
Chwirut2,0.3,13,rho_f=0.85,0.0771599274273263
Chwirut2,0.3,14,rho_f=0.85,0.09149841906093016
Chwirut2,0.3,15,rho_f=0.85,0.1267961103373336
Chwirut2,0.3,16,rho_f=0.85,0.12843824442211405
Chwirut2,0.3,17,rho_f=0.85,0.08113132719378587
Chwirut2,0.3,18,rho_f=0.85,0.1384953779938089
Chwirut2,0.3,19,rho_f=0.85,0.22646349090010004
Lanczos3,0.0,0,rho_f=0.85,0.08180948547774758
Lanczos3,0.1,0,rho_f=0.85,0.14973396950877427
Lanczos3,0.1,1,rho_f=0.85,5.4942937579933195
Lanczos3,0.1,2,rho_f=0.85,0.11132536304286833
Lanczos3,0.1,3,rho_f=0.85,0.12439631093298015
Lanczos3,0.1,4,rho_f=0.85,0.17422741034660177
Lanczos3,0.1,5,rho_f=0.85,0.14601341037322288
Lanczos3,0.1,6,rho_f=0.85,0.46087913143691994
Lanczos3,0.1,7,rho_f=0.85,0.06674525164116187
Lanczos3,0.1,8,rho_f=0.85,0.12370281805033567
Lanczos3,0.1,9,rho_f=0.85,0.02627497471000855
Lanczos3,0.1,10,rho_f=0.85,0.1735604616405983
Lanczos3,0.1,11,rho_f=0.85,0.11537650115292561
Lanczos3,0.1,12,rho_f=0.85,0.15414699358108308
Lanczos3,0.1,13,rho_f=0.85,0.1216123177431756
Lanczos3,0.1,14,rho_f=0.85,0.06773692640230757
Lanczos3,0.1,15,rho_f=0.85,0.06928626061715033
Lanczos3,0.1,16,rho_f=0.85,0.13147224035418872
Lanczos3,0.1,17,rho_f=0.85,0.019494730259221285
Lanczos3,0.1,18,rho_f=0.85,0.11335987553382587
Lanczos3,0.1,19,rho_f=0.85,0.12397164679530592
Lanczos3,0.3,0,rho_f=0.85,15.154492236430428
Lanczos3,0.3,1,rho_f=0.85,8.668648210623092
Lanczos3,0.3,2,rho_f=0.85,0.03905853340553293
Lanczos3,0.3,3,rho_f=0.85,0.3563980890986257
Lanczos3,0.3,4,rho_f=0.85,0.12066696871250746
Lanczos3,0.3,5,rho_f=0.85,0.13577682986385411
Lanczos3,0.3,6,rho_f=0.85,0.018386384106198125
Lanczos3,0.3,7,rho_f=0.85,0.34737842175183103
Lanczos3,0.3,8,rho_f=0.85,0.4329803358783905
Lanczos3,0.3,9,rho_f=0.85,1.1218944665524537
Lanczos3,0.3,10,rho_f=0.85,0.11194610959394583
Lanczos3,0.3,11,rho_f=0.85,0.12673328160353126
Lanczos3,0.3,12,rho_f=0.85,0.4616974333097245
Lanczos3,0.3,13,rho_f=0.85,0.360852991003179
Lanczos3,0.3,14,rho_f=0.85,0.20866252184669248
Lanczos3,0.3,15,rho_f=0.85,0.2783721158207308
Lanczos3,0.3,16,rho_f=0.85,0.1090697812476725
Lanczos3,0.3,17,rho_f=0.85,0.14430762199552669
Lanczos3,0.3,18,rho_f=0.85,0.9080923713309283
Lanczos3,0.3,19,rho_f=0.85,0.1424629835927286
MGH17,0.0,0,rho_f=0.85,0.12166971017640604
MGH17,0.1,0,rho_f=0.85,0.21961147984506893
MGH17,0.1,1,rho_f=0.85,0.32635517730594943
MGH17,0.1,2,rho_f=0.85,0.17808521181831946
MGH17,0.1,3,rho_f=0.85,0.23499076835245694
MGH17,0.1,4,rho_f=0.85,0.20951312039312736
MGH17,0.1,5,rho_f=0.85,0.22098494412050923
MGH17,0.1,6,rho_f=0.85,0.2076873620985921
MGH17,0.1,7,rho_f=0.85,0.09954144693496726
MGH17,0.1,8,rho_f=0.85,0.19552264385583645
MGH17,0.1,9,rho_f=0.85,0.19178153751719107
MGH17,0.1,10,rho_f=0.85,0.11307337319234756
MGH17,0.1,11,rho_f=0.85,0.20254531092949374
MGH17,0.1,12,rho_f=0.85,0.1900877862616551
MGH17,0.1,13,rho_f=0.85,0.21389537334856998
MGH17,0.1,14,rho_f=0.85,0.23704608121918094
MGH17,0.1,15,rho_f=0.85,0.21735923412545843
MGH17,0.1,16,rho_f=0.85,0.2146859071947498
MGH17,0.1,17,rho_f=0.85,0.17145616917031195
MGH17,0.1,18,rho_f=0.85,0.20855067537829985
MGH17,0.1,19,rho_f=0.85,0.32486246062302077
MGH17,0.3,0,rho_f=0.85,0.2783689971358984
MGH17,0.3,1,rho_f=0.85,0.3319381738397177
MGH17,0.3,2,rho_f=0.85,0.2231976831884046
MGH17,0.3,3,rho_f=0.85,0.22314907994253674
MGH17,0.3,4,rho_f=0.85,0.1160944642415201
MGH17,0.3,5,rho_f=0.85,0.3475066400639492
MGH17,0.3,6,rho_f=0.85,0.17369500359215273
MGH17,0.3,7,rho_f=0.85,0.07787288074820195
MGH17,0.3,8,rho_f=0.85,0.489251468985867
MGH17,0.3,9,rho_f=0.85,0.21470699530812584
MGH17,0.3,10,rho_f=0.85,0.16523395543162506
MGH17,0.3,11,rho_f=0.85,0.24203125595252478
MGH17,0.3,12,rho_f=0.85,0.19406126988962652
MGH17,0.3,13,rho_f=0.85,0.25300839560585625
MGH17,0.3,14,rho_f=0.85,0.21907329634279482
MGH17,0.3,15,rho_f=0.85,0.304390853565875
MGH17,0.3,16,rho_f=0.85,0.22616953002555662
MGH17,0.3,17,rho_f=0.85,0.20741801496230208
MGH17,0.3,18,rho_f=0.85,0.299685242930457
MGH17,0.3,19,rho_f=0.85,0.25292006618531887
Hahn1,0.0,0,rho_f=0.85,0.07458156221533209
Hahn1,0.1,0,rho_f=0.85,0.0915854421778326
Hahn1,0.1,1,rho_f=0.85,0.07458136740189752
Hahn1,0.1,2,rho_f=0.85,0.0905244392297351
Hahn1,0.1,3,rho_f=0.85,0.07458156212720955
Hahn1,0.1,4,rho_f=0.85,0.07458156374943073
Hahn1,0.1,5,rho_f=0.85,0.0938259967059866
Hahn1,0.1,6,rho_f=0.85,0.07985837701236549
Hahn1,0.1,7,rho_f=0.85,0.35392659882456745
Hahn1,0.1,8,rho_f=0.85,0.07458156285349994
Hahn1,0.1,9,rho_f=0.85,0.11392198259123938
Hahn1,0.1,10,rho_f=0.85,0.07458156209885723
Hahn1,0.1,11,rho_f=0.85,0.08717698181066055
Hahn1,0.1,12,rho_f=0.85,0.07457816620247364
Hahn1,0.1,13,rho_f=0.85,0.10564517768879433
Hahn1,0.1,14,rho_f=0.85,0.0745815622164921
Hahn1,0.1,15,rho_f=0.85,0.07458156205444377
Hahn1,0.1,16,rho_f=0.85,0.07458155009744424
Hahn1,0.1,17,rho_f=0.85,0.07458156286788242
Hahn1,0.1,18,rho_f=0.85,0.07458156198249256
Hahn1,0.1,19,rho_f=0.85,0.08058514222908206
Hahn1,0.3,0,rho_f=0.85,0.0745815629189246
Hahn1,0.3,1,rho_f=0.85,0.07458156224082521
Hahn1,0.3,2,rho_f=0.85,0.07458156292222605
Hahn1,0.3,3,rho_f=0.85,0.07512552127668101
Hahn1,0.3,4,rho_f=0.85,0.07458156282681072
Hahn1,0.3,5,rho_f=0.85,0.07527211533720174
Hahn1,0.3,6,rho_f=0.85,0.07458156147810477
Hahn1,0.3,7,rho_f=0.85,0.07458155779754277
Hahn1,0.3,8,rho_f=0.85,0.07458156241819625
Hahn1,0.3,9,rho_f=0.85,0.0745815628353357
Hahn1,0.3,10,rho_f=0.85,0.07458156269976086
Hahn1,0.3,11,rho_f=0.85,0.07338570100878743
Hahn1,0.3,12,rho_f=0.85,0.07458156115051565
Hahn1,0.3,13,rho_f=0.85,0.07403768830477711
Hahn1,0.3,14,rho_f=0.85,0.07458156089164715
Hahn1,0.3,15,rho_f=0.85,0.1246567182583353
Hahn1,0.3,16,rho_f=0.85,0.07458156199215574
Hahn1,0.3,17,rho_f=0.85,0.07478845879097673
Hahn1,0.3,18,rho_f=0.85,0.07458156292225236
Hahn1,0.3,19,rho_f=0.85,0.07458156292226449
Kirby2,0.0,0,rho_f=0.85,0.00450213108513426
Kirby2,0.1,0,rho_f=0.85,0.00690256896199562
Kirby2,0.1,1,rho_f=0.85,0.10405080274048102
Kirby2,0.1,2,rho_f=0.85,0.10405080134949976
Kirby2,0.1,3,rho_f=0.85,0.10405080361814961
Kirby2,0.1,4,rho_f=0.85,0.038107866105720964
Kirby2,0.1,5,rho_f=0.85,0.012493928405534153
Kirby2,0.1,6,rho_f=0.85,0.02866275988017036
Kirby2,0.1,7,rho_f=0.85,0.012947207768218212
Kirby2,0.1,8,rho_f=0.85,0.0239334833007915
Kirby2,0.1,9,rho_f=0.85,0.0266064366762214
Kirby2,0.1,10,rho_f=0.85,0.1040508040720488
Kirby2,0.1,11,rho_f=0.85,0.01474626509207739
Kirby2,0.1,12,rho_f=0.85,0.023183452249098024
Kirby2,0.1,13,rho_f=0.85,0.015319527450990937
Kirby2,0.1,14,rho_f=0.85,0.02020664520576032
Kirby2,0.1,15,rho_f=0.85,0.10405080303082394
Kirby2,0.1,16,rho_f=0.85,0.10405079981895778
Kirby2,0.1,17,rho_f=0.85,0.017384192963647214
Kirby2,0.1,18,rho_f=0.85,0.10405080338453601
Kirby2,0.1,19,rho_f=0.85,0.10405080394099536
Kirby2,0.3,0,rho_f=0.85,0.12519453705927938
Kirby2,0.3,1,rho_f=0.85,0.07406311019920697
Kirby2,0.3,2,rho_f=0.85,0.03529582108580245
Kirby2,0.3,3,rho_f=0.85,0.032195354238754144
Kirby2,0.3,4,rho_f=0.85,0.10405080151941998
Kirby2,0.3,5,rho_f=0.85,0.10405080287055428
Kirby2,0.3,6,rho_f=0.85,0.01454558534793117
Kirby2,0.3,7,rho_f=0.85,0.10405080305697377
Kirby2,0.3,8,rho_f=0.85,0.10405080692820527
Kirby2,0.3,9,rho_f=0.85,0.014358935790730042
Kirby2,0.3,10,rho_f=0.85,0.10405079443304363
Kirby2,0.3,11,rho_f=0.85,0.026191082935292594
Kirby2,0.3,12,rho_f=0.85,0.01917866122013733
Kirby2,0.3,13,rho_f=0.85,0.10405080691900745
Kirby2,0.3,14,rho_f=0.85,0.1040507997545846
Kirby2,0.3,15,rho_f=0.85,0.10405081269083881
Kirby2,0.3,16,rho_f=0.85,0.10405080558609348
Kirby2,0.3,17,rho_f=0.85,0.014791244492550442
Kirby2,0.3,18,rho_f=0.85,0.10405080416948458
Kirby2,0.3,19,rho_f=0.85,0.03254618407682623
Nelson,0.0,0,rho_f=0.85,0.0351210165008196
Nelson,0.1,0,rho_f=0.85,0.03512101650082885
Nelson,0.1,1,rho_f=0.85,0.03512101650081837
Nelson,0.1,2,rho_f=0.85,0.03179104776287592
Nelson,0.1,3,rho_f=0.85,0.030585431448651106
Nelson,0.1,4,rho_f=0.85,0.03178134806295146
Nelson,0.1,5,rho_f=0.85,0.03512101650081202
Nelson,0.1,6,rho_f=0.85,0.020333559355305775
Nelson,0.1,7,rho_f=0.85,0.03512101650082375
Nelson,0.1,8,rho_f=0.85,0.03512101650082332
Nelson,0.1,9,rho_f=0.85,0.03512101650081435
Nelson,0.1,10,rho_f=0.85,0.032144252693437125
Nelson,0.1,11,rho_f=0.85,0.035121016500829765
Nelson,0.1,12,rho_f=0.85,0.035121016500804646
Nelson,0.1,13,rho_f=0.85,0.03512101650081441
Nelson,0.1,14,rho_f=0.85,0.03512101650082173
Nelson,0.1,15,rho_f=0.85,0.03512101650081301
Nelson,0.1,16,rho_f=0.85,0.03512101650080435
Nelson,0.1,17,rho_f=0.85,0.035121016500815984
Nelson,0.1,18,rho_f=0.85,0.035121016500818725
Nelson,0.1,19,rho_f=0.85,0.035121016500823686
Nelson,0.3,0,rho_f=0.85,0.035121016500818246
Nelson,0.3,1,rho_f=0.85,0.035121016500822624
Nelson,0.3,2,rho_f=0.85,0.03512101650080984
Nelson,0.3,3,rho_f=0.85,0.03512101650082287
Nelson,0.3,4,rho_f=0.85,0.03512101650080284
Nelson,0.3,5,rho_f=0.85,0.0351210165008173
Nelson,0.3,6,rho_f=0.85,0.03512101650081049
Nelson,0.3,7,rho_f=0.85,0.38813732465720413
Nelson,0.3,8,rho_f=0.85,0.10235723359914753
Nelson,0.3,9,rho_f=0.85,0.03512101650082387
Nelson,0.3,10,rho_f=0.85,0.03512101650082041
Nelson,0.3,11,rho_f=0.85,0.035121016500827114
Nelson,0.3,12,rho_f=0.85,0.03512101650081925
Nelson,0.3,13,rho_f=0.85,0.03512101650080668
Nelson,0.3,14,rho_f=0.85,0.03512101650083169
Nelson,0.3,15,rho_f=0.85,0.03512101650081958
Nelson,0.3,16,rho_f=0.85,0.387446429332987
Nelson,0.3,17,rho_f=0.85,0.035121016500803764
Nelson,0.3,18,rho_f=0.85,0.035121016500824734
Nelson,0.3,19,rho_f=0.85,0.03512101650082994
Thurber,0.0,0,rho_f=0.85,0.027539103798874507
Thurber,0.1,0,rho_f=0.85,0.03871360280865998
Thurber,0.1,1,rho_f=0.85,0.02525991792803262
Thurber,0.1,2,rho_f=0.85,0.056828107154984826
Thurber,0.1,3,rho_f=0.85,0.04315498285523531
Thurber,0.1,4,rho_f=0.85,0.055373500424008175
Thurber,0.1,5,rho_f=0.85,0.042458157463344394
Thurber,0.1,6,rho_f=0.85,0.07869944815665643
Thurber,0.1,7,rho_f=0.85,0.04111799486709775
Thurber,0.1,8,rho_f=0.85,0.0627972448833147
Thurber,0.1,9,rho_f=0.85,0.03706502505507716
Thurber,0.1,10,rho_f=0.85,0.0378047754325425
Thurber,0.1,11,rho_f=0.85,0.037777345052290016
Thurber,0.1,12,rho_f=0.85,0.04322447256068143
Thurber,0.1,13,rho_f=0.85,0.03721190335165588
Thurber,0.1,14,rho_f=0.85,0.05279480722071896
Thurber,0.1,15,rho_f=0.85,0.041118005341559655
Thurber,0.1,16,rho_f=0.85,0.0387649291799868
Thurber,0.1,17,rho_f=0.85,0.035781787966577216
Thurber,0.1,18,rho_f=0.85,0.027419597697915674
Thurber,0.1,19,rho_f=0.85,0.03949827027509275
Thurber,0.3,0,rho_f=0.85,0.04309529447556551
Thurber,0.3,1,rho_f=0.85,0.03845414942401042
Thurber,0.3,2,rho_f=0.85,0.041213520121434796
Thurber,0.3,3,rho_f=0.85,0.0339004728701015
Thurber,0.3,4,rho_f=0.85,0.11919141306169069
Thurber,0.3,5,rho_f=0.85,0.05165687498336653
Thurber,0.3,6,rho_f=0.85,0.03255436015928545
Thurber,0.3,7,rho_f=0.85,0.03792121003111747
Thurber,0.3,8,rho_f=0.85,0.03929571660081139
Thurber,0.3,9,rho_f=0.85,0.04254893982780086
Thurber,0.3,10,rho_f=0.85,0.02500303086980359
Thurber,0.3,11,rho_f=0.85,0.04111849996433266
Thurber,0.3,12,rho_f=0.85,0.03734001725183187
Thurber,0.3,13,rho_f=0.85,0.04111817812332171
Thurber,0.3,14,rho_f=0.85,0.09762253868105822
Thurber,0.3,15,rho_f=0.85,0.039059272465434475
Thurber,0.3,16,rho_f=0.85,0.05253657316539355
Thurber,0.3,17,rho_f=0.85,0.04733264175915977
Thurber,0.3,18,rho_f=0.85,0.07949522915018013
Thurber,0.3,19,rho_f=0.85,0.04114596985698311
Misra1a,0.0,0,rho_f=0.97,2.2696484691473672e-12
Misra1a,0.1,0,rho_f=0.97,0.03537178146108501
Misra1a,0.1,1,rho_f=0.97,0.04627844766432067
Misra1a,0.1,2,rho_f=0.97,0.04627844766430695
Misra1a,0.1,3,rho_f=0.97,0.02106962006940274
Misra1a,0.1,4,rho_f=0.97,0.04627844766429765
Misra1a,0.1,5,rho_f=0.97,0.03552264147001961
Misra1a,0.1,6,rho_f=0.97,0.04627844766432133
Misra1a,0.1,7,rho_f=0.97,0.03561030280206413
Misra1a,0.1,8,rho_f=0.97,0.04627844766431979
Misra1a,0.1,9,rho_f=0.97,0.04627844766426902
Misra1a,0.1,10,rho_f=0.97,0.04627844766432122
Misra1a,0.1,11,rho_f=0.97,0.04627844766431789
Misra1a,0.1,12,rho_f=0.97,0.046278447664310135
Misra1a,0.1,13,rho_f=0.97,0.035604862599974696
Misra1a,0.1,14,rho_f=0.97,0.03561134988122985
Misra1a,0.1,15,rho_f=0.97,0.046278447664304966
Misra1a,0.1,16,rho_f=0.97,0.03517339322500809
Misra1a,0.1,17,rho_f=0.97,0.04627844766432187
Misra1a,0.1,18,rho_f=0.97,0.03551246335506182
Misra1a,0.1,19,rho_f=0.97,0.03553239418110628
Misra1a,0.3,0,rho_f=0.97,0.029007743533438855
Misra1a,0.3,1,rho_f=0.97,0.03922133544197752
Misra1a,0.3,2,rho_f=0.97,0.04627844766421327
Misra1a,0.3,3,rho_f=0.97,0.04627844766414318
Misra1a,0.3,4,rho_f=0.97,0.02760801998756954
Misra1a,0.3,5,rho_f=0.97,0.0462784476642822
Misra1a,0.3,6,rho_f=0.97,0.03029120385628514
Misra1a,0.3,7,rho_f=0.97,0.03344280140891528
Misra1a,0.3,8,rho_f=0.97,0.01652030102092979
Misra1a,0.3,9,rho_f=0.97,0.046278447664314985
Misra1a,0.3,10,rho_f=0.97,0.04627844766372341
Misra1a,0.3,11,rho_f=0.97,0.04627844766431023
Misra1a,0.3,12,rho_f=0.97,0.046278447664320294
Misra1a,0.3,13,rho_f=0.97,0.04627844766429525
Misra1a,0.3,14,rho_f=0.97,0.011894221142631525
Misra1a,0.3,15,rho_f=0.97,0.04627844766432174
Misra1a,0.3,16,rho_f=0.97,0.046278447664281026
Misra1a,0.3,17,rho_f=0.97,0.04627844766428883
Misra1a,0.3,18,rho_f=0.97,0.046278447664317324
Misra1a,0.3,19,rho_f=0.97,0.04627844766431102
Chwirut2,0.0,0,rho_f=0.97,0.09272879473508029
Chwirut2,0.1,0,rho_f=0.97,0.09271128446396432
Chwirut2,0.1,1,rho_f=0.97,0.36058216841129337
Chwirut2,0.1,2,rho_f=0.97,0.09833738801374946
Chwirut2,0.1,3,rho_f=0.97,0.09795225105740546
Chwirut2,0.1,4,rho_f=0.97,0.09081596022571517
Chwirut2,0.1,5,rho_f=0.97,0.08480478399853793
Chwirut2,0.1,6,rho_f=0.97,0.09272866870623664
Chwirut2,0.1,7,rho_f=0.97,0.09272859466607898
Chwirut2,0.1,8,rho_f=0.97,0.2966698819728609
Chwirut2,0.1,9,rho_f=0.97,0.09845174287846424
Chwirut2,0.1,10,rho_f=0.97,0.09074130253904973
Chwirut2,0.1,11,rho_f=0.97,0.09614604224510868
Chwirut2,0.1,12,rho_f=0.97,0.09273002475391792
Chwirut2,0.1,13,rho_f=0.97,0.09614606617813796
Chwirut2,0.1,14,rho_f=0.97,0.09074204457702519
Chwirut2,0.1,15,rho_f=0.97,0.049058478954919556
Chwirut2,0.1,16,rho_f=0.97,0.06021334447500076
Chwirut2,0.1,17,rho_f=0.97,0.060542834085157475
Chwirut2,0.1,18,rho_f=0.97,0.2067031584436848
Chwirut2,0.1,19,rho_f=0.97,0.1498267377113182
Chwirut2,0.3,0,rho_f=0.97,0.30258793802399786
Chwirut2,0.3,1,rho_f=0.97,0.10394040924684257
Chwirut2,0.3,2,rho_f=0.97,0.10676305639359038
Chwirut2,0.3,3,rho_f=0.97,0.03944795469777943
Chwirut2,0.3,4,rho_f=0.97,0.06540072013111246
Chwirut2,0.3,5,rho_f=0.97,0.128286376762449
Chwirut2,0.3,6,rho_f=0.97,0.12602967852851474
Chwirut2,0.3,7,rho_f=0.97,0.12843638857481976
Chwirut2,0.3,8,rho_f=0.97,0.5427310607948317
Chwirut2,0.3,9,rho_f=0.97,0.24484729317082268
Chwirut2,0.3,10,rho_f=0.97,0.145407051778107
Chwirut2,0.3,11,rho_f=0.97,0.09855076887841961
Chwirut2,0.3,12,rho_f=0.97,0.09011950220155875
Chwirut2,0.3,13,rho_f=0.97,0.4131973907083584
Chwirut2,0.3,14,rho_f=0.97,0.7426123373556793
Chwirut2,0.3,15,rho_f=0.97,0.4499914616062591
Chwirut2,0.3,16,rho_f=0.97,0.3377944906205276
Chwirut2,0.3,17,rho_f=0.97,0.09838563391364295
Chwirut2,0.3,18,rho_f=0.97,0.1519085367339338
Chwirut2,0.3,19,rho_f=0.97,0.2869560506022829
Lanczos3,0.0,0,rho_f=0.97,0.08292184779695853
Lanczos3,0.1,0,rho_f=0.97,0.15796698430165126
Lanczos3,0.1,1,rho_f=0.97,5.438494261136576
Lanczos3,0.1,2,rho_f=0.97,0.11185550128242899
Lanczos3,0.1,3,rho_f=0.97,0.135780315347774
Lanczos3,0.1,4,rho_f=0.97,0.11999402125517995
Lanczos3,0.1,5,rho_f=0.97,0.15300596459473634
Lanczos3,0.1,6,rho_f=0.97,0.5786222157883759
Lanczos3,0.1,7,rho_f=0.97,0.04908452734745616
Lanczos3,0.1,8,rho_f=0.97,0.14535367111532702
Lanczos3,0.1,9,rho_f=0.97,0.17125389465376795
Lanczos3,0.1,10,rho_f=0.97,0.10770461545327131
Lanczos3,0.1,11,rho_f=0.97,0.1726985780713876
Lanczos3,0.1,12,rho_f=0.97,0.08210392381934596
Lanczos3,0.1,13,rho_f=0.97,0.16748051757704224
Lanczos3,0.1,14,rho_f=0.97,0.5462307529503084
Lanczos3,0.1,15,rho_f=0.97,0.12452750692393161
Lanczos3,0.1,16,rho_f=0.97,0.26544548131399165
Lanczos3,0.1,17,rho_f=0.97,0.3833230148497434
Lanczos3,0.1,18,rho_f=0.97,0.48571428291333496
Lanczos3,0.1,19,rho_f=0.97,0.23749856066896366
Lanczos3,0.3,0,rho_f=0.97,19.239095744938577
Lanczos3,0.3,1,rho_f=0.97,6.041551887662891
Lanczos3,0.3,2,rho_f=0.97,0.22734858600893487
Lanczos3,0.3,3,rho_f=0.97,0.66065399278622
Lanczos3,0.3,4,rho_f=0.97,0.5254377221986916
Lanczos3,0.3,5,rho_f=0.97,0.12305883444675356
Lanczos3,0.3,6,rho_f=0.97,0.4595713289450345
Lanczos3,0.3,7,rho_f=0.97,2.426817893479842
Lanczos3,0.3,8,rho_f=0.97,0.7985974294030327
Lanczos3,0.3,9,rho_f=0.97,1.4017524398863772
Lanczos3,0.3,10,rho_f=0.97,0.4313568385832402
Lanczos3,0.3,11,rho_f=0.97,0.07336547585514001
Lanczos3,0.3,12,rho_f=0.97,0.16438849741626418
Lanczos3,0.3,13,rho_f=0.97,0.2864186867761944
Lanczos3,0.3,14,rho_f=0.97,0.5428529409312125
Lanczos3,0.3,15,rho_f=0.97,0.4884163158599585
Lanczos3,0.3,16,rho_f=0.97,0.46283637522759535
Lanczos3,0.3,17,rho_f=0.97,0.4594875696261071
Lanczos3,0.3,18,rho_f=0.97,0.8809322168461985
Lanczos3,0.3,19,rho_f=0.97,0.12592189795164357
MGH17,0.0,0,rho_f=0.97,0.11595020767348652
MGH17,0.1,0,rho_f=0.97,0.1943120870655033
MGH17,0.1,1,rho_f=0.97,0.3507277961110616
MGH17,0.1,2,rho_f=0.97,0.17893730138728225
MGH17,0.1,3,rho_f=0.97,0.23500666450538685
MGH17,0.1,4,rho_f=0.97,0.22359147085890468
MGH17,0.1,5,rho_f=0.97,0.220989057103274
MGH17,0.1,6,rho_f=0.97,0.19515614714278887
MGH17,0.1,7,rho_f=0.97,0.08976542000991795
MGH17,0.1,8,rho_f=0.97,0.19552245121154702
MGH17,0.1,9,rho_f=0.97,0.18815406832829204
MGH17,0.1,10,rho_f=0.97,0.21525195409125475
MGH17,0.1,11,rho_f=0.97,0.20911566092693212
MGH17,0.1,12,rho_f=0.97,0.19008795949282425
MGH17,0.1,13,rho_f=0.97,0.21389733081649717
MGH17,0.1,14,rho_f=0.97,0.23704574044112184
MGH17,0.1,15,rho_f=0.97,0.2175452170750676
MGH17,0.1,16,rho_f=0.97,0.21469114853026405
MGH17,0.1,17,rho_f=0.97,0.17142541228097447
MGH17,0.1,18,rho_f=0.97,0.20854633160715036
MGH17,0.1,19,rho_f=0.97,0.2821891341506915
MGH17,0.3,0,rho_f=0.97,0.26894706196117785
MGH17,0.3,1,rho_f=0.97,0.3313373934851708
MGH17,0.3,2,rho_f=0.97,0.2231976492471956
MGH17,0.3,3,rho_f=0.97,0.21554446244690725
MGH17,0.3,4,rho_f=0.97,0.13142089885863234
MGH17,0.3,5,rho_f=0.97,0.2667430142627023
MGH17,0.3,6,rho_f=0.97,0.1736876626681273
MGH17,0.3,7,rho_f=0.97,0.1491358767314388
MGH17,0.3,8,rho_f=0.97,0.492167292156473
MGH17,0.3,9,rho_f=0.97,0.19487194384332188
MGH17,0.3,10,rho_f=0.97,0.1594694978735921
MGH17,0.3,11,rho_f=0.97,0.25090968003757846
MGH17,0.3,12,rho_f=0.97,0.1746823830007245
MGH17,0.3,13,rho_f=0.97,0.25304468341443087
MGH17,0.3,14,rho_f=0.97,0.11396692039990387
MGH17,0.3,15,rho_f=0.97,0.2973596019510001
MGH17,0.3,16,rho_f=0.97,0.2262368658328685
MGH17,0.3,17,rho_f=0.97,0.20761429972128329
MGH17,0.3,18,rho_f=0.97,0.2997619165857917
MGH17,0.3,19,rho_f=0.97,0.2542192816955266
Hahn1,0.0,0,rho_f=0.97,0.07458157789278787
Hahn1,0.1,0,rho_f=0.97,0.07458150421893497
Hahn1,0.1,1,rho_f=0.97,0.0745815873949943
Hahn1,0.1,2,rho_f=0.97,0.0745815005772074
Hahn1,0.1,3,rho_f=0.97,0.07458154464902698
Hahn1,0.1,4,rho_f=0.97,0.07458166844129946
Hahn1,0.1,5,rho_f=0.97,0.07458150832935281
Hahn1,0.1,6,rho_f=0.97,0.07458149671732996
Hahn1,0.1,7,rho_f=0.97,0.07458152145321574
Hahn1,0.1,8,rho_f=0.97,0.07458148811399909
Hahn1,0.1,9,rho_f=0.97,0.07458167359670065
Hahn1,0.1,10,rho_f=0.97,0.07458158151043083
Hahn1,0.1,11,rho_f=0.97,0.07458149653658377
Hahn1,0.1,12,rho_f=0.97,0.07458144987058203
Hahn1,0.1,13,rho_f=0.97,0.07458152091188942
Hahn1,0.1,14,rho_f=0.97,0.07458157757697033
Hahn1,0.1,15,rho_f=0.97,0.0745815113550112
Hahn1,0.1,16,rho_f=0.97,0.07458158650830103
Hahn1,0.1,17,rho_f=0.97,0.0745814456198923
Hahn1,0.1,18,rho_f=0.97,0.07458158746287809
Hahn1,0.1,19,rho_f=0.97,0.07458151422273256
Hahn1,0.3,0,rho_f=0.97,0.0745814648958804
Hahn1,0.3,1,rho_f=0.97,0.07458137340563399
Hahn1,0.3,2,rho_f=0.97,0.07458136881184252
Hahn1,0.3,3,rho_f=0.97,0.07458245776517047
Hahn1,0.3,4,rho_f=0.97,0.07458138855660852
Hahn1,0.3,5,rho_f=0.97,0.07458136628937634
Hahn1,0.3,6,rho_f=0.97,0.07458160593046538
Hahn1,0.3,7,rho_f=0.97,0.07456799614446342
Hahn1,0.3,8,rho_f=0.97,6.35728446363025
Hahn1,0.3,9,rho_f=0.97,0.0745815786678213
Hahn1,0.3,10,rho_f=0.97,0.0745813802293099
Hahn1,0.3,11,rho_f=0.97,0.07465630636024637
Hahn1,0.3,12,rho_f=0.97,0.07458135364725754
Hahn1,0.3,13,rho_f=0.97,0.07458133634365911
Hahn1,0.3,14,rho_f=0.97,0.07459478553976141
Hahn1,0.3,15,rho_f=0.97,0.07458141575910748
Hahn1,0.3,16,rho_f=0.97,0.07458143036918223
Hahn1,0.3,17,rho_f=0.97,0.07513392805354621
Hahn1,0.3,18,rho_f=0.97,0.07458143989824666
Hahn1,0.3,19,rho_f=0.97,0.07458140517274538
Kirby2,0.0,0,rho_f=0.97,0.008114898073832064
Kirby2,0.1,0,rho_f=0.97,0.0679499033238824
Kirby2,0.1,1,rho_f=0.97,0.10405079867863533
Kirby2,0.1,2,rho_f=0.97,0.0604344093372052
Kirby2,0.1,3,rho_f=0.97,0.10405080312180687
Kirby2,0.1,4,rho_f=0.97,0.10405080372703175
Kirby2,0.1,5,rho_f=0.97,0.19488242374161385
Kirby2,0.1,6,rho_f=0.97,0.12771121722959083
Kirby2,0.1,7,rho_f=0.97,0.10405080631196065
Kirby2,0.1,8,rho_f=0.97,0.10405080750428293
Kirby2,0.1,9,rho_f=0.97,0.02671329557563172
Kirby2,0.1,10,rho_f=0.97,0.10405080768986258
Kirby2,0.1,11,rho_f=0.97,0.07557206460951241
Kirby2,0.1,12,rho_f=0.97,0.10405080486563267
Kirby2,0.1,13,rho_f=0.97,0.10405079249825552
Kirby2,0.1,14,rho_f=0.97,0.028533041730549547
Kirby2,0.1,15,rho_f=0.97,0.10405080229943042
Kirby2,0.1,16,rho_f=0.97,0.10405080217624751
Kirby2,0.1,17,rho_f=0.97,0.10405081059176542
Kirby2,0.1,18,rho_f=0.97,0.10408448960174746
Kirby2,0.1,19,rho_f=0.97,0.02840984659758498
Kirby2,0.3,0,rho_f=0.97,0.1580876387456222
Kirby2,0.3,1,rho_f=0.97,0.15677535626086572
Kirby2,0.3,2,rho_f=0.97,0.10405081547129319
Kirby2,0.3,3,rho_f=0.97,0.0660436222648042
Kirby2,0.3,4,rho_f=0.97,0.10405080817332193
Kirby2,0.3,5,rho_f=0.97,0.10405083074667441
Kirby2,0.3,6,rho_f=0.97,0.04048410155727744
Kirby2,0.3,7,rho_f=0.97,0.10405080346888325
Kirby2,0.3,8,rho_f=0.97,0.10407916155840452
Kirby2,0.3,9,rho_f=0.97,0.024067622195401372
Kirby2,0.3,10,rho_f=0.97,0.1040508204031906
Kirby2,0.3,11,rho_f=0.97,0.1040508285299523
Kirby2,0.3,12,rho_f=0.97,0.012221244183610763
Kirby2,0.3,13,rho_f=0.97,0.10405080322137904
Kirby2,0.3,14,rho_f=0.97,0.10405080766646664
Kirby2,0.3,15,rho_f=0.97,0.10405081148513558
Kirby2,0.3,16,rho_f=0.97,0.10405081782190707
Kirby2,0.3,17,rho_f=0.97,0.10412392822699905
Kirby2,0.3,18,rho_f=0.97,0.03711206116821367
Kirby2,0.3,19,rho_f=0.97,0.06270139619550227
Nelson,0.0,0,rho_f=0.97,0.03512101650081786
Nelson,0.1,0,rho_f=0.97,0.035121016500826094
Nelson,0.1,1,rho_f=0.97,0.03512101650081672
Nelson,0.1,2,rho_f=0.97,0.20819776273977905
Nelson,0.1,3,rho_f=0.97,0.035121016500813465
Nelson,0.1,4,rho_f=0.97,0.03512101650083829
Nelson,0.1,5,rho_f=0.97,0.0351210165008111
Nelson,0.1,6,rho_f=0.97,0.12717261118579937
Nelson,0.1,7,rho_f=0.97,0.01825913739722803
Nelson,0.1,8,rho_f=0.97,0.035121016500821625
Nelson,0.1,9,rho_f=0.97,0.03512101650081188
Nelson,0.1,10,rho_f=0.97,0.20754460048983464
Nelson,0.1,11,rho_f=0.97,0.03512101650082708
Nelson,0.1,12,rho_f=0.97,0.035121016500804715
Nelson,0.1,13,rho_f=0.97,0.00760553097591883
Nelson,0.1,14,rho_f=0.97,0.03512101650081973
Nelson,0.1,15,rho_f=0.97,0.02940921478367363
Nelson,0.1,16,rho_f=0.97,0.016059307518412405
Nelson,0.1,17,rho_f=0.97,0.00229764911280992
Nelson,0.1,18,rho_f=0.97,0.03512101650081701
Nelson,0.1,19,rho_f=0.97,0.010594729089192612
Nelson,0.3,0,rho_f=0.97,0.0351210165008154
Nelson,0.3,1,rho_f=0.97,0.17731446087424343
Nelson,0.3,2,rho_f=0.97,0.01946345449780978
Nelson,0.3,3,rho_f=0.97,0.02875395083386416
Nelson,0.3,4,rho_f=0.97,0.035121016500802446
Nelson,0.3,5,rho_f=0.97,0.0351210165008173
Nelson,0.3,6,rho_f=0.97,0.03512101650081028
Nelson,0.3,7,rho_f=0.97,0.0351210165008156
Nelson,0.3,8,rho_f=0.97,0.3184597135599411
Nelson,0.3,9,rho_f=0.97,0.3615227617081413
Nelson,0.3,10,rho_f=0.97,0.03512101650081836
Nelson,0.3,11,rho_f=0.97,0.03512101650081688
Nelson,0.3,12,rho_f=0.97,0.03512101650081595
Nelson,0.3,13,rho_f=0.97,3.6405814484133505
Nelson,0.3,14,rho_f=0.97,0.03512101650082897
Nelson,0.3,15,rho_f=0.97,0.24690267459225848
Nelson,0.3,16,rho_f=0.97,0.035121016500827724
Nelson,0.3,17,rho_f=0.97,0.035121016500804
Nelson,0.3,18,rho_f=0.97,0.4428135706294194
Nelson,0.3,19,rho_f=0.97,0.03512101650082855
Thurber,0.0,0,rho_f=0.97,0.0005991925093323063
Thurber,0.1,0,rho_f=0.97,0.5315590766927673
Thurber,0.1,1,rho_f=0.97,0.02823888655600682
Thurber,0.1,2,rho_f=0.97,0.0345141678253526
Thurber,0.1,3,rho_f=0.97,0.03555375364026052
Thurber,0.1,4,rho_f=0.97,0.037410467557297114
Thurber,0.1,5,rho_f=0.97,0.05481890492747239
Thurber,0.1,6,rho_f=0.97,0.036030974323626785
Thurber,0.1,7,rho_f=0.97,0.07069110520234964
Thurber,0.1,8,rho_f=0.97,0.03938838671356811
Thurber,0.1,9,rho_f=0.97,0.035649103639141595
Thurber,0.1,10,rho_f=0.97,0.03120986194084259
Thurber,0.1,11,rho_f=0.97,0.0249091043706175
Thurber,0.1,12,rho_f=0.97,0.027060511833111346
Thurber,0.1,13,rho_f=0.97,0.04548463326187671
Thurber,0.1,14,rho_f=0.97,0.03797556395011814
Thurber,0.1,15,rho_f=0.97,0.05587189040740415
Thurber,0.1,16,rho_f=0.97,0.3614351149920786
Thurber,0.1,17,rho_f=0.97,0.04498493098052433
Thurber,0.1,18,rho_f=0.97,0.4147093794598975
Thurber,0.1,19,rho_f=0.97,0.028053121959630452
Thurber,0.3,0,rho_f=0.97,0.037187561199225914
Thurber,0.3,1,rho_f=0.97,0.036595980187240765
Thurber,0.3,2,rho_f=0.97,0.04601328127906826
Thurber,0.3,3,rho_f=0.97,0.03667746887817277
Thurber,0.3,4,rho_f=0.97,0.045778706206615595
Thurber,0.3,5,rho_f=0.97,0.02697627197942114
Thurber,0.3,6,rho_f=0.97,0.03769075541034863
Thurber,0.3,7,rho_f=0.97,0.0360728273649131
Thurber,0.3,8,rho_f=0.97,0.03587250029993275
Thurber,0.3,9,rho_f=0.97,0.035872823954545205
Thurber,0.3,10,rho_f=0.97,0.036712900614491444
Thurber,0.3,11,rho_f=0.97,0.0365587275019756
Thurber,0.3,12,rho_f=0.97,0.03691181714757304
Thurber,0.3,13,rho_f=0.97,0.047419202486920574
Thurber,0.3,14,rho_f=0.97,0.03727119420861098
Thurber,0.3,15,rho_f=0.97,0.03714652344366389
Thurber,0.3,16,rho_f=0.97,0.04708172620664254
Thurber,0.3,17,rho_f=0.97,0.03762712494916604
Thurber,0.3,18,rho_f=0.97,0.036989702354890526
Thurber,0.3,19,rho_f=0.97,0.038383008514651644
Misra1a,0.0,0,rho_eps=0.55,4.759588796899843e-12
Misra1a,0.1,0,rho_eps=0.55,0.038710357172791796
Misra1a,0.1,1,rho_eps=0.55,0.04627844766432056
Misra1a,0.1,2,rho_eps=0.55,0.04627844766430256
Misra1a,0.1,3,rho_eps=0.55,0.015733145453065478
Misra1a,0.1,4,rho_eps=0.55,0.02787743946057051
Misra1a,0.1,5,rho_eps=0.55,0.041839003156501756
Misra1a,0.1,6,rho_eps=0.55,0.046278447664321105
Misra1a,0.1,7,rho_eps=0.55,0.039853642962187755
Misra1a,0.1,8,rho_eps=0.55,0.04627844766431838
Misra1a,0.1,9,rho_eps=0.55,0.04627844766425958
Misra1a,0.1,10,rho_eps=0.55,0.046278447664320294
Misra1a,0.1,11,rho_eps=0.55,0.04627844766431797
Misra1a,0.1,12,rho_eps=0.55,0.04627844766430975
Misra1a,0.1,13,rho_eps=0.55,0.040030769825727404
Misra1a,0.1,14,rho_eps=0.55,0.03985739969815567
Misra1a,0.1,15,rho_eps=0.55,0.046278447664304535
Misra1a,0.1,16,rho_eps=0.55,0.03863617373871706
Misra1a,0.1,17,rho_eps=0.55,0.046278447664321584
Misra1a,0.1,18,rho_eps=0.55,0.041838719880616417
Misra1a,0.1,19,rho_eps=0.55,0.041839425016476715
Misra1a,0.3,0,rho_eps=0.55,0.043532931643656396
Misra1a,0.3,1,rho_eps=0.55,0.036560638398679186
Misra1a,0.3,2,rho_eps=0.55,0.04627844766421041
Misra1a,0.3,3,rho_eps=0.55,0.04627844766413688
Misra1a,0.3,4,rho_eps=0.55,0.046278447664322535
Misra1a,0.3,5,rho_eps=0.55,0.04627844766428059
Misra1a,0.3,6,rho_eps=0.55,0.0442476752647673
Misra1a,0.3,7,rho_eps=0.55,0.03590084914836329
Misra1a,0.3,8,rho_eps=0.55,0.022861708268962184
Misra1a,0.3,9,rho_eps=0.55,0.046278447664314756
Misra1a,0.3,10,rho_eps=0.55,0.04627844766369192
Misra1a,0.3,11,rho_eps=0.55,0.04627844766430689
Misra1a,0.3,12,rho_eps=0.55,0.04627844766431899
Misra1a,0.3,13,rho_eps=0.55,0.04627844766429447
Misra1a,0.3,14,rho_eps=0.55,0.021586812887028746
Misra1a,0.3,15,rho_eps=0.55,0.047394944948566366
Misra1a,0.3,16,rho_eps=0.55,0.0462784476642746
Misra1a,0.3,17,rho_eps=0.55,0.04821299752745769
Misra1a,0.3,18,rho_eps=0.55,0.04637701240025865
Misra1a,0.3,19,rho_eps=0.55,0.0462784476643081
Chwirut2,0.0,0,rho_eps=0.55,0.09272901846888981
Chwirut2,0.1,0,rho_eps=0.55,0.09272839281024652
Chwirut2,0.1,1,rho_eps=0.55,0.13849083197610926
Chwirut2,0.1,2,rho_eps=0.55,0.09833250359926825
Chwirut2,0.1,3,rho_eps=0.55,0.09795444461332235
Chwirut2,0.1,4,rho_eps=0.55,0.09272942354145752
Chwirut2,0.1,5,rho_eps=0.55,0.08480463980525987
Chwirut2,0.1,6,rho_eps=0.55,0.09272866875110243
Chwirut2,0.1,7,rho_eps=0.55,0.09272841750958105
Chwirut2,0.1,8,rho_eps=0.55,0.3211676826331806
Chwirut2,0.1,9,rho_eps=0.55,0.09845773530881778
Chwirut2,0.1,10,rho_eps=0.55,0.09080101770121451
Chwirut2,0.1,11,rho_eps=0.55,0.09614671153901823
Chwirut2,0.1,12,rho_eps=0.55,0.09273002465829264
Chwirut2,0.1,13,rho_eps=0.55,0.09614670474939496
Chwirut2,0.1,14,rho_eps=0.55,0.090743459893444
Chwirut2,0.1,15,rho_eps=0.55,0.09272846503966442
Chwirut2,0.1,16,rho_eps=0.55,0.0947241427144745
Chwirut2,0.1,17,rho_eps=0.55,0.0697497727227018
Chwirut2,0.1,18,rho_eps=0.55,0.12679415044513792
Chwirut2,0.1,19,rho_eps=0.55,0.09861380676305644
Chwirut2,0.3,0,rho_eps=0.55,0.220076185810472
Chwirut2,0.3,1,rho_eps=0.55,0.09854639213667145
Chwirut2,0.3,2,rho_eps=0.55,0.10677361352516745
Chwirut2,0.3,3,rho_eps=0.55,0.02587051867213347
Chwirut2,0.3,4,rho_eps=0.55,0.09795429790678616
Chwirut2,0.3,5,rho_eps=0.55,0.12139714048941036
Chwirut2,0.3,6,rho_eps=0.55,0.0979501734478224
Chwirut2,0.3,7,rho_eps=0.55,0.09480909209448632
Chwirut2,0.3,8,rho_eps=0.55,0.09276257526239377
Chwirut2,0.3,9,rho_eps=0.55,0.029730921972731736
Chwirut2,0.3,10,rho_eps=0.55,0.09795491523199115
Chwirut2,0.3,11,rho_eps=0.55,0.09855420644346688
Chwirut2,0.3,12,rho_eps=0.55,0.0927263597247453
Chwirut2,0.3,13,rho_eps=0.55,0.6677707502536124
Chwirut2,0.3,14,rho_eps=0.55,0.09149844701606555
Chwirut2,0.3,15,rho_eps=0.55,0.14622867885215637
Chwirut2,0.3,16,rho_eps=0.55,0.12844012698744386
Chwirut2,0.3,17,rho_eps=0.55,0.08126921624257788
Chwirut2,0.3,18,rho_eps=0.55,0.12734723965449368
Chwirut2,0.3,19,rho_eps=0.55,0.5878378360827933
Lanczos3,0.0,0,rho_eps=0.55,0.09255380042361393
Lanczos3,0.1,0,rho_eps=0.55,0.1449958282170145
Lanczos3,0.1,1,rho_eps=0.55,4.4602714695529375
Lanczos3,0.1,2,rho_eps=0.55,0.1234334178534775
Lanczos3,0.1,3,rho_eps=0.55,0.12979380691179437
Lanczos3,0.1,4,rho_eps=0.55,0.1649658541858647
Lanczos3,0.1,5,rho_eps=0.55,0.15321802849475005
Lanczos3,0.1,6,rho_eps=0.55,0.6440017534318984
Lanczos3,0.1,7,rho_eps=0.55,0.06538625852236955
Lanczos3,0.1,8,rho_eps=0.55,0.13230927770419754
Lanczos3,0.1,9,rho_eps=0.55,0.30559537491258776
Lanczos3,0.1,10,rho_eps=0.55,0.18437779247703565
Lanczos3,0.1,11,rho_eps=0.55,0.13780769855877031
Lanczos3,0.1,12,rho_eps=0.55,0.1578945570091569
Lanczos3,0.1,13,rho_eps=0.55,0.14133876647924837
Lanczos3,0.1,14,rho_eps=0.55,0.30266798065432693
Lanczos3,0.1,15,rho_eps=0.55,0.07066820793488245
Lanczos3,0.1,16,rho_eps=0.55,0.007864727783467538
Lanczos3,0.1,17,rho_eps=0.55,0.26071956176916244
Lanczos3,0.1,18,rho_eps=0.55,0.12176050307258701
Lanczos3,0.1,19,rho_eps=0.55,0.18724887514258579
Lanczos3,0.3,0,rho_eps=0.55,4.442946057725599
Lanczos3,0.3,1,rho_eps=0.55,6.260300554716674
Lanczos3,0.3,2,rho_eps=0.55,0.068668807602237
Lanczos3,0.3,3,rho_eps=0.55,0.43646404948722134
Lanczos3,0.3,4,rho_eps=0.55,0.12206338594711602
Lanczos3,0.3,5,rho_eps=0.55,0.12764268449092595
Lanczos3,0.3,6,rho_eps=0.55,0.027017097248102945
Lanczos3,0.3,7,rho_eps=0.55,0.3578431315243571
Lanczos3,0.3,8,rho_eps=0.55,0.145628758153213
Lanczos3,0.3,9,rho_eps=0.55,0.7823975895841084
Lanczos3,0.3,10,rho_eps=0.55,0.18451588188196938
Lanczos3,0.3,11,rho_eps=0.55,0.134448162113448
Lanczos3,0.3,12,rho_eps=0.55,0.4612231299722176
Lanczos3,0.3,13,rho_eps=0.55,0.3449151311266124
Lanczos3,0.3,14,rho_eps=0.55,0.19188699732998385
Lanczos3,0.3,15,rho_eps=0.55,0.1904201222346737
Lanczos3,0.3,16,rho_eps=0.55,0.10509820210939752
Lanczos3,0.3,17,rho_eps=0.55,0.14328112542348473
Lanczos3,0.3,18,rho_eps=0.55,0.8007596216560723
Lanczos3,0.3,19,rho_eps=0.55,0.06062811201048741
MGH17,0.0,0,rho_eps=0.55,0.12797263005950016
MGH17,0.1,0,rho_eps=0.55,0.20689487003002574
MGH17,0.1,1,rho_eps=0.55,0.32688324771705024
MGH17,0.1,2,rho_eps=0.55,0.17852812371622176
MGH17,0.1,3,rho_eps=0.55,0.23487679060514163
MGH17,0.1,4,rho_eps=0.55,0.20243489816730947
MGH17,0.1,5,rho_eps=0.55,0.21413449454750502
MGH17,0.1,6,rho_eps=0.55,0.20295872705476803
MGH17,0.1,7,rho_eps=0.55,0.0774649612759697
MGH17,0.1,8,rho_eps=0.55,0.16543233974021962
MGH17,0.1,9,rho_eps=0.55,0.18291738094730686
MGH17,0.1,10,rho_eps=0.55,0.11280424527940214
MGH17,0.1,11,rho_eps=0.55,0.19090687247535387
MGH17,0.1,12,rho_eps=0.55,0.1821419827743339
MGH17,0.1,13,rho_eps=0.55,0.20771709325278082
MGH17,0.1,14,rho_eps=0.55,0.2370454044548708
MGH17,0.1,15,rho_eps=0.55,0.20643085336412484
MGH17,0.1,16,rho_eps=0.55,0.2147046485263964
MGH17,0.1,17,rho_eps=0.55,0.15861075551376655
MGH17,0.1,18,rho_eps=0.55,0.20466364596108397
MGH17,0.1,19,rho_eps=0.55,0.675144838449761
MGH17,0.3,0,rho_eps=0.55,0.12202484400178651
MGH17,0.3,1,rho_eps=0.55,0.2492825465129352
MGH17,0.3,2,rho_eps=0.55,0.22319785815670376
MGH17,0.3,3,rho_eps=0.55,0.21553548611842024
MGH17,0.3,4,rho_eps=0.55,0.10965075344871153
MGH17,0.3,5,rho_eps=0.55,0.1733272679209989
MGH17,0.3,6,rho_eps=0.55,0.1669313580112699
MGH17,0.3,7,rho_eps=0.55,0.14640865196509337
MGH17,0.3,8,rho_eps=0.55,0.34911408977617314
MGH17,0.3,9,rho_eps=0.55,0.15399176262765782
MGH17,0.3,10,rho_eps=0.55,0.1573341376308843
MGH17,0.3,11,rho_eps=0.55,0.2419981922015266
MGH17,0.3,12,rho_eps=0.55,0.2182997454854243
MGH17,0.3,13,rho_eps=0.55,0.2530318379045856
MGH17,0.3,14,rho_eps=0.55,0.21628763877039137
MGH17,0.3,15,rho_eps=0.55,0.3027861401513992
MGH17,0.3,16,rho_eps=0.55,0.21778423889633675
MGH17,0.3,17,rho_eps=0.55,0.13251034423122848
MGH17,0.3,18,rho_eps=0.55,0.3206995985351305
MGH17,0.3,19,rho_eps=0.55,0.25292009141290056
Hahn1,0.0,0,rho_eps=0.55,0.10517388548653367
Hahn1,0.1,0,rho_eps=0.55,0.07458161220881786
Hahn1,0.1,1,rho_eps=0.55,0.07458188205988607
Hahn1,0.1,2,rho_eps=0.55,0.07458184018806169
Hahn1,0.1,3,rho_eps=0.55,0.34411110968293646
Hahn1,0.1,4,rho_eps=0.55,0.07458144611024242
Hahn1,0.1,5,rho_eps=0.55,0.13051037756025521
Hahn1,0.1,6,rho_eps=0.55,0.07458161791751251
Hahn1,0.1,7,rho_eps=0.55,0.07458131827887829
Hahn1,0.1,8,rho_eps=0.55,0.07458152853341388
Hahn1,0.1,9,rho_eps=0.55,0.07458174959424335
Hahn1,0.1,10,rho_eps=0.55,0.07458162876448478
Hahn1,0.1,11,rho_eps=0.55,0.07458156302516347
Hahn1,0.1,12,rho_eps=0.55,0.3717366859348699
Hahn1,0.1,13,rho_eps=0.55,0.0760012075516054
Hahn1,0.1,14,rho_eps=0.55,0.07458156177130919
Hahn1,0.1,15,rho_eps=0.55,0.1735616498570644
Hahn1,0.1,16,rho_eps=0.55,0.07458178861845015
Hahn1,0.1,17,rho_eps=0.55,0.0745815614329017
Hahn1,0.1,18,rho_eps=0.55,0.07458156350935784
Hahn1,0.1,19,rho_eps=0.55,0.10891324355057418
Hahn1,0.3,0,rho_eps=0.55,0.07458179599979768
Hahn1,0.3,1,rho_eps=0.55,0.07458155969314252
Hahn1,0.3,2,rho_eps=0.55,0.07458133022208266
Hahn1,0.3,3,rho_eps=0.55,0.07458143445118404
Hahn1,0.3,4,rho_eps=0.55,0.07454685457430515
Hahn1,0.3,5,rho_eps=0.55,0.07458155759567564
Hahn1,0.3,6,rho_eps=0.55,0.09292566703322097
Hahn1,0.3,7,rho_eps=0.55,0.07458156108950026
Hahn1,0.3,8,rho_eps=0.55,0.07458156149007056
Hahn1,0.3,9,rho_eps=0.55,0.0745815536474639
Hahn1,0.3,10,rho_eps=0.55,0.0760640617979852
Hahn1,0.3,11,rho_eps=0.55,0.07458156048131422
Hahn1,0.3,12,rho_eps=0.55,0.0745815100786637
Hahn1,0.3,13,rho_eps=0.55,0.07458155762213012
Hahn1,0.3,14,rho_eps=0.55,0.07596060782275461
Hahn1,0.3,15,rho_eps=0.55,0.0745813738442765
Hahn1,0.3,16,rho_eps=0.55,0.07456645813957355
Hahn1,0.3,17,rho_eps=0.55,0.07458155645805359
Hahn1,0.3,18,rho_eps=0.55,0.0745813058714015
Hahn1,0.3,19,rho_eps=0.55,0.0745815570002126
Kirby2,0.0,0,rho_eps=0.55,0.0026613499072814734
Kirby2,0.1,0,rho_eps=0.55,0.03897138425276822
Kirby2,0.1,1,rho_eps=0.55,0.1040508983503302
Kirby2,0.1,2,rho_eps=0.55,0.1040508811192317
Kirby2,0.1,3,rho_eps=0.55,0.10405080932071588
Kirby2,0.1,4,rho_eps=0.55,0.07582616643336385
Kirby2,0.1,5,rho_eps=0.55,0.10405080534493805
Kirby2,0.1,6,rho_eps=0.55,0.04425072019032907
Kirby2,0.1,7,rho_eps=0.55,0.10405089835025007
Kirby2,0.1,8,rho_eps=0.55,0.07937786688851345
Kirby2,0.1,9,rho_eps=0.55,0.10405080290020599
Kirby2,0.1,10,rho_eps=0.55,0.010195500300391555
Kirby2,0.1,11,rho_eps=0.55,0.024463251679260698
Kirby2,0.1,12,rho_eps=0.55,0.10405080405566361
Kirby2,0.1,13,rho_eps=0.55,0.1040508028064402
Kirby2,0.1,14,rho_eps=0.55,0.011797813063056993
Kirby2,0.1,15,rho_eps=0.55,0.04991661457416274
Kirby2,0.1,16,rho_eps=0.55,0.10405080482510529
Kirby2,0.1,17,rho_eps=0.55,0.04565084414836065
Kirby2,0.1,18,rho_eps=0.55,0.1040508078596222
Kirby2,0.1,19,rho_eps=0.55,0.10405080725156049
Kirby2,0.3,0,rho_eps=0.55,0.10405080191014819
Kirby2,0.3,1,rho_eps=0.55,0.10405080272649989
Kirby2,0.3,2,rho_eps=0.55,0.10405080821059272
Kirby2,0.3,3,rho_eps=0.55,0.057243448710791046
Kirby2,0.3,4,rho_eps=0.55,0.10405080511742269
Kirby2,0.3,5,rho_eps=0.55,0.10405080296823452
Kirby2,0.3,6,rho_eps=0.55,0.03898422147137372
Kirby2,0.3,7,rho_eps=0.55,0.10405080314323345
Kirby2,0.3,8,rho_eps=0.55,0.10405081471347424
Kirby2,0.3,9,rho_eps=0.55,0.10405080255314814
Kirby2,0.3,10,rho_eps=0.55,0.10405081609649064
Kirby2,0.3,11,rho_eps=0.55,0.10405082104976872
Kirby2,0.3,12,rho_eps=0.55,0.013143319210617255
Kirby2,0.3,13,rho_eps=0.55,0.10405080575437099
Kirby2,0.3,14,rho_eps=0.55,0.10405080184036712
Kirby2,0.3,15,rho_eps=0.55,0.10405089835044666
Kirby2,0.3,16,rho_eps=0.55,0.10405080906188864
Kirby2,0.3,17,rho_eps=0.55,0.07543543090066356
Kirby2,0.3,18,rho_eps=0.55,0.10405080426137807
Kirby2,0.3,19,rho_eps=0.55,0.07080110589304466
Nelson,0.0,0,rho_eps=0.55,0.023990674535450535
Nelson,0.1,0,rho_eps=0.55,0.02380477132772459
Nelson,0.1,1,rho_eps=0.55,0.019463526387045793
Nelson,0.1,2,rho_eps=0.55,0.18536141889724114
Nelson,0.1,3,rho_eps=0.55,0.022221728041434068
Nelson,0.1,4,rho_eps=0.55,0.2329188658237937
Nelson,0.1,5,rho_eps=0.55,0.019626247759693714
Nelson,0.1,6,rho_eps=0.55,0.10812396612799444
Nelson,0.1,7,rho_eps=0.55,0.03281437821588609
Nelson,0.1,8,rho_eps=0.55,0.03428712849680132
Nelson,0.1,9,rho_eps=0.55,0.03512101650081283
Nelson,0.1,10,rho_eps=0.55,0.22076440423600968
Nelson,0.1,11,rho_eps=0.55,0.03355509632597721
Nelson,0.1,12,rho_eps=0.55,0.035121016500804396
Nelson,0.1,13,rho_eps=0.55,0.03356064278870987
Nelson,0.1,14,rho_eps=0.55,0.02487604306927111
Nelson,0.1,15,rho_eps=0.55,0.03512101650081165
Nelson,0.1,16,rho_eps=0.55,0.03220263204517074
Nelson,0.1,17,rho_eps=0.55,0.008070066467129685
Nelson,0.1,18,rho_eps=0.55,0.025235748877962684
Nelson,0.1,19,rho_eps=0.55,0.03339185238644712
Nelson,0.3,0,rho_eps=0.55,0.03512101650081735
Nelson,0.3,1,rho_eps=0.55,0.07582153534264008
Nelson,0.3,2,rho_eps=0.55,0.03164988674658898
Nelson,0.3,3,rho_eps=0.55,0.0341138849957952
Nelson,0.3,4,rho_eps=0.55,0.035101124968525764
Nelson,0.3,5,rho_eps=0.55,0.0351210165008173
Nelson,0.3,6,rho_eps=0.55,0.035121016500810356
Nelson,0.3,7,rho_eps=0.55,0.03101634807500642
Nelson,0.3,8,rho_eps=0.55,0.24006385380575737
Nelson,0.3,9,rho_eps=0.55,0.3385797189783083
Nelson,0.3,10,rho_eps=0.55,0.023208290792411882
Nelson,0.3,11,rho_eps=0.55,0.03512101650082087
Nelson,0.3,12,rho_eps=0.55,0.035121016500817066
Nelson,0.3,13,rho_eps=0.55,0.0351210165008066
Nelson,0.3,14,rho_eps=0.55,0.03255210385669385
Nelson,0.3,15,rho_eps=0.55,0.23578749508935623
Nelson,0.3,16,rho_eps=0.55,0.20278655545687616
Nelson,0.3,17,rho_eps=0.55,0.32850386246946217
Nelson,0.3,18,rho_eps=0.55,0.31152961550730185
Nelson,0.3,19,rho_eps=0.55,0.03512101650082982
Thurber,0.0,0,rho_eps=0.55,0.03419555615561495
Thurber,0.1,0,rho_eps=0.55,0.07028169830693695
Thurber,0.1,1,rho_eps=0.55,0.0331457428127481
Thurber,0.1,2,rho_eps=0.55,0.05739580021985862
Thurber,0.1,3,rho_eps=0.55,0.06033679426621219
Thurber,0.1,4,rho_eps=0.55,0.03730661465534057
Thurber,0.1,5,rho_eps=0.55,0.024813984517647034
Thurber,0.1,6,rho_eps=0.55,0.04111805951957972
Thurber,0.1,7,rho_eps=0.55,0.046884187402539204
Thurber,0.1,8,rho_eps=0.55,0.0578455755176279
Thurber,0.1,9,rho_eps=0.55,0.02548331529863684
Thurber,0.1,10,rho_eps=0.55,0.04022678869673894
Thurber,0.1,11,rho_eps=0.55,0.037548800345518996
Thurber,0.1,12,rho_eps=0.55,0.04049889060989008
Thurber,0.1,13,rho_eps=0.55,0.04240388061230746
Thurber,0.1,14,rho_eps=0.55,0.037415031799994836
Thurber,0.1,15,rho_eps=0.55,0.03490173561494032
Thurber,0.1,16,rho_eps=0.55,0.10764370739709703
Thurber,0.1,17,rho_eps=0.55,0.04214061008940331
Thurber,0.1,18,rho_eps=0.55,0.03524752369737422
Thurber,0.1,19,rho_eps=0.55,0.04111797186447709
Thurber,0.3,0,rho_eps=0.55,0.03985689543365074
Thurber,0.3,1,rho_eps=0.55,0.04340121280639403
Thurber,0.3,2,rho_eps=0.55,0.051839850664000285
Thurber,0.3,3,rho_eps=0.55,0.026978478395174865
Thurber,0.3,4,rho_eps=0.55,0.03717386632701664
Thurber,0.3,5,rho_eps=0.55,0.037316345682618775
Thurber,0.3,6,rho_eps=0.55,0.03970413258793902
Thurber,0.3,7,rho_eps=0.55,0.04111811636886007
Thurber,0.3,8,rho_eps=0.55,0.04111811423202792
Thurber,0.3,9,rho_eps=0.55,0.037206703637614906
Thurber,0.3,10,rho_eps=0.55,0.028745262869325258
Thurber,0.3,11,rho_eps=0.55,0.04111840434802671
Thurber,0.3,12,rho_eps=0.55,0.03726450276610475
Thurber,0.3,13,rho_eps=0.55,0.042361453997645994
Thurber,0.3,14,rho_eps=0.55,0.057968755319886586
Thurber,0.3,15,rho_eps=0.55,0.03756712864825815
Thurber,0.3,16,rho_eps=0.55,0.29704043701533983
Thurber,0.3,17,rho_eps=0.55,0.03910035383104067
Thurber,0.3,18,rho_eps=0.55,0.03611453838792915
Thurber,0.3,19,rho_eps=0.55,0.0411179474051753
Misra1a,0.0,0,rho_eps=0.85,4.756615094697617e-12
Misra1a,0.1,0,rho_eps=0.85,0.04483791126478635
Misra1a,0.1,1,rho_eps=0.85,0.04627844766432011
Misra1a,0.1,2,rho_eps=0.85,0.004490806053565099
Misra1a,0.1,3,rho_eps=0.85,0.04627844766431909
Misra1a,0.1,4,rho_eps=0.85,0.03180515753851911
Misra1a,0.1,5,rho_eps=0.85,0.04486570129017423
Misra1a,0.1,6,rho_eps=0.85,0.0462784476643206
Misra1a,0.1,7,rho_eps=0.85,0.04492370453031882
Misra1a,0.1,8,rho_eps=0.85,0.046278447664318385
Misra1a,0.1,9,rho_eps=0.85,0.044096251144009224
Misra1a,0.1,10,rho_eps=0.85,0.04627844766432046
Misra1a,0.1,11,rho_eps=0.85,0.04627844766431846
Misra1a,0.1,12,rho_eps=0.85,0.04400856926887815
Misra1a,0.1,13,rho_eps=0.85,0.04496011539068111
Misra1a,0.1,14,rho_eps=0.85,0.04492401049024962
Misra1a,0.1,15,rho_eps=0.85,0.03612435206917492
Misra1a,0.1,16,rho_eps=0.85,0.044792457837228024
Misra1a,0.1,17,rho_eps=0.85,0.046278447664321314
Misra1a,0.1,18,rho_eps=0.85,0.0448615220465546
Misra1a,0.1,19,rho_eps=0.85,0.044868967452393375
Misra1a,0.3,0,rho_eps=0.85,0.042369024163187295
Misra1a,0.3,1,rho_eps=0.85,0.03774087953547979
Misra1a,0.3,2,rho_eps=0.85,0.04627844766420821
Misra1a,0.3,3,rho_eps=0.85,0.046278447664135636
Misra1a,0.3,4,rho_eps=0.85,0.04595723163076933
Misra1a,0.3,5,rho_eps=0.85,0.046278447664280305
Misra1a,0.3,6,rho_eps=0.85,0.04383133334930072
Misra1a,0.3,7,rho_eps=0.85,0.03582346890949543
Misra1a,0.3,8,rho_eps=0.85,0.015297241748270239
Misra1a,0.3,9,rho_eps=0.85,0.046278447664314507
Misra1a,0.3,10,rho_eps=0.85,0.03263398942014985
Misra1a,0.3,11,rho_eps=0.85,0.0008721528687195199
Misra1a,0.3,12,rho_eps=0.85,0.04627844766431827
Misra1a,0.3,13,rho_eps=0.85,0.046278447664294224
Misra1a,0.3,14,rho_eps=0.85,0.020390362474640152
Misra1a,0.3,15,rho_eps=0.85,0.04682366956336016
Misra1a,0.3,16,rho_eps=0.85,0.04627844766427409
Misra1a,0.3,17,rho_eps=0.85,0.04627844766428265
Misra1a,0.3,18,rho_eps=0.85,0.04627844766431528
Misra1a,0.3,19,rho_eps=0.85,0.04627844766430845
Chwirut2,0.0,0,rho_eps=0.85,0.08747971420797987
Chwirut2,0.1,0,rho_eps=0.85,0.09009399731031073
Chwirut2,0.1,1,rho_eps=0.85,0.17692204042049656
Chwirut2,0.1,2,rho_eps=0.85,0.06719224071919092
Chwirut2,0.1,3,rho_eps=0.85,0.07525522978393016
Chwirut2,0.1,4,rho_eps=0.85,0.09268164053413605
Chwirut2,0.1,5,rho_eps=0.85,0.07526161362426546
Chwirut2,0.1,6,rho_eps=0.85,0.08260926527399048
Chwirut2,0.1,7,rho_eps=0.85,0.07523235628771716
Chwirut2,0.1,8,rho_eps=0.85,0.3211846293464427
Chwirut2,0.1,9,rho_eps=0.85,0.09070674491251239
Chwirut2,0.1,10,rho_eps=0.85,0.07525982598001231
Chwirut2,0.1,11,rho_eps=0.85,0.07525862630261691
Chwirut2,0.1,12,rho_eps=0.85,0.1595067840483491
Chwirut2,0.1,13,rho_eps=0.85,0.08460271947681769
Chwirut2,0.1,14,rho_eps=0.85,0.07526049111939255
Chwirut2,0.1,15,rho_eps=0.85,0.07525387520235716
Chwirut2,0.1,16,rho_eps=0.85,0.09069204955275796
Chwirut2,0.1,17,rho_eps=0.85,0.08476893568357641
Chwirut2,0.1,18,rho_eps=0.85,0.17720404862486508
Chwirut2,0.1,19,rho_eps=0.85,0.13850145678211565
Chwirut2,0.3,0,rho_eps=0.85,0.14050814460859556
Chwirut2,0.3,1,rho_eps=0.85,0.10686246224029354
Chwirut2,0.3,2,rho_eps=0.85,0.2719074062832552
Chwirut2,0.3,3,rho_eps=0.85,0.06825677093068075
Chwirut2,0.3,4,rho_eps=0.85,0.07525498975434834
Chwirut2,0.3,5,rho_eps=0.85,0.29181119520973264
Chwirut2,0.3,6,rho_eps=0.85,0.3229399226941349
Chwirut2,0.3,7,rho_eps=0.85,0.14625455544210209
Chwirut2,0.3,8,rho_eps=0.85,0.30889253855008014
Chwirut2,0.3,9,rho_eps=0.85,0.17523619709146915
Chwirut2,0.3,10,rho_eps=0.85,0.17696704710856076
Chwirut2,0.3,11,rho_eps=0.85,0.09848867651076393
Chwirut2,0.3,12,rho_eps=0.85,0.05411216736857396
Chwirut2,0.3,13,rho_eps=0.85,0.32118427609535843
Chwirut2,0.3,14,rho_eps=0.85,0.1776892102458967
Chwirut2,0.3,15,rho_eps=0.85,0.17524195361607148
Chwirut2,0.3,16,rho_eps=0.85,0.12844159278146347
Chwirut2,0.3,17,rho_eps=0.85,0.07896791386194878
Chwirut2,0.3,18,rho_eps=0.85,0.1587299196290478
Chwirut2,0.3,19,rho_eps=0.85,0.30889371811239325
Lanczos3,0.0,0,rho_eps=0.85,0.05227608905426486
Lanczos3,0.1,0,rho_eps=0.85,0.12877347126708616
Lanczos3,0.1,1,rho_eps=0.85,5.872249621568339
Lanczos3,0.1,2,rho_eps=0.85,0.08147508828143335
Lanczos3,0.1,3,rho_eps=0.85,0.1306977059169315
Lanczos3,0.1,4,rho_eps=0.85,0.11407595544586689
Lanczos3,0.1,5,rho_eps=0.85,0.14240793954532313
Lanczos3,0.1,6,rho_eps=0.85,0.5610295055001111
Lanczos3,0.1,7,rho_eps=0.85,0.2520418977772534
Lanczos3,0.1,8,rho_eps=0.85,0.02456155978994957
Lanczos3,0.1,9,rho_eps=0.85,0.008802669911774374
Lanczos3,0.1,10,rho_eps=0.85,0.2780096942845482
Lanczos3,0.1,11,rho_eps=0.85,0.17095012209804386
Lanczos3,0.1,12,rho_eps=0.85,0.16385726936392447
Lanczos3,0.1,13,rho_eps=0.85,0.14416203210362663
Lanczos3,0.1,14,rho_eps=0.85,0.5475022030014026
Lanczos3,0.1,15,rho_eps=0.85,0.10963187438097954
Lanczos3,0.1,16,rho_eps=0.85,0.2647463746400444
Lanczos3,0.1,17,rho_eps=0.85,0.30396526743913554
Lanczos3,0.1,18,rho_eps=0.85,0.022607949353526537
Lanczos3,0.1,19,rho_eps=0.85,0.1653065566144755
Lanczos3,0.3,0,rho_eps=0.85,15.022314109304833
Lanczos3,0.3,1,rho_eps=0.85,10.565989937264865
Lanczos3,0.3,2,rho_eps=0.85,0.16881557016541637
Lanczos3,0.3,3,rho_eps=0.85,0.6677515644390876
Lanczos3,0.3,4,rho_eps=0.85,0.49486770559435034
Lanczos3,0.3,5,rho_eps=0.85,0.16776942394151734
Lanczos3,0.3,6,rho_eps=0.85,0.06543150008956897
Lanczos3,0.3,7,rho_eps=0.85,4.553379184812655
Lanczos3,0.3,8,rho_eps=0.85,1.067402175088004
Lanczos3,0.3,9,rho_eps=0.85,1.069998167273309
Lanczos3,0.3,10,rho_eps=0.85,0.09274220555227239
Lanczos3,0.3,11,rho_eps=0.85,0.2735303737780586
Lanczos3,0.3,12,rho_eps=0.85,0.424244091029632
Lanczos3,0.3,13,rho_eps=0.85,0.37278757035876187
Lanczos3,0.3,14,rho_eps=0.85,0.19703073650785957
Lanczos3,0.3,15,rho_eps=0.85,0.14803375600937713
Lanczos3,0.3,16,rho_eps=0.85,0.42835413892036595
Lanczos3,0.3,17,rho_eps=0.85,0.17558423783459232
Lanczos3,0.3,18,rho_eps=0.85,1.1935315210735977
Lanczos3,0.3,19,rho_eps=0.85,0.18346620926471016
MGH17,0.0,0,rho_eps=0.85,0.07069692307513956
MGH17,0.1,0,rho_eps=0.85,0.2313529994708844
MGH17,0.1,1,rho_eps=0.85,0.5100887041479186
MGH17,0.1,2,rho_eps=0.85,0.20118812388833035
MGH17,0.1,3,rho_eps=0.85,0.23739525372779888
MGH17,0.1,4,rho_eps=0.85,0.11976091754540089
MGH17,0.1,5,rho_eps=0.85,0.2195140533243267
MGH17,0.1,6,rho_eps=0.85,0.2106445779001466
MGH17,0.1,7,rho_eps=0.85,0.1610654219687406
MGH17,0.1,8,rho_eps=0.85,0.12486559136422674
MGH17,0.1,9,rho_eps=0.85,0.18642834791352178
MGH17,0.1,10,rho_eps=0.85,0.21525739858035
MGH17,0.1,11,rho_eps=0.85,0.20455511777476298
MGH17,0.1,12,rho_eps=0.85,0.23677197928092017
MGH17,0.1,13,rho_eps=0.85,0.20138503663386353
MGH17,0.1,14,rho_eps=0.85,0.18150239205111887
MGH17,0.1,15,rho_eps=0.85,0.2271710614920057
MGH17,0.1,16,rho_eps=0.85,0.22933155960118304
MGH17,0.1,17,rho_eps=0.85,0.20110086336718513
MGH17,0.1,18,rho_eps=0.85,0.22623784871436875
MGH17,0.1,19,rho_eps=0.85,0.29680295388616357
MGH17,0.3,0,rho_eps=0.85,0.276855778090855
MGH17,0.3,1,rho_eps=0.85,0.32220074921930325
MGH17,0.3,2,rho_eps=0.85,0.22410540920987274
MGH17,0.3,3,rho_eps=0.85,0.24355920340150014
MGH17,0.3,4,rho_eps=0.85,0.14033052914418237
MGH17,0.3,5,rho_eps=0.85,0.3490852061481538
MGH17,0.3,6,rho_eps=0.85,0.20404878763334594
MGH17,0.3,7,rho_eps=0.85,0.17469319289519386
MGH17,0.3,8,rho_eps=0.85,0.5195748599259948
MGH17,0.3,9,rho_eps=0.85,0.21679541963292157
MGH17,0.3,10,rho_eps=0.85,0.19236100400657571
MGH17,0.3,11,rho_eps=0.85,0.24197639281385558
MGH17,0.3,12,rho_eps=0.85,0.18914043897498273
MGH17,0.3,13,rho_eps=0.85,0.2546991221778561
MGH17,0.3,14,rho_eps=0.85,0.11533845803888512
MGH17,0.3,15,rho_eps=0.85,0.29850225082398574
MGH17,0.3,16,rho_eps=0.85,0.2170113655916218
MGH17,0.3,17,rho_eps=0.85,0.17169327999727585
MGH17,0.3,18,rho_eps=0.85,0.3221524767293303
MGH17,0.3,19,rho_eps=0.85,0.18820991687679675
Hahn1,0.0,0,rho_eps=0.85,0.07458342315706847
Hahn1,0.1,0,rho_eps=0.85,0.07458162037013705
Hahn1,0.1,1,rho_eps=0.85,0.07458261934793856
Hahn1,0.1,2,rho_eps=0.85,0.07458162156247942
Hahn1,0.1,3,rho_eps=0.85,0.07458160606537287
Hahn1,0.1,4,rho_eps=0.85,0.07458165275800274
Hahn1,0.1,5,rho_eps=0.85,0.07458163609541937
Hahn1,0.1,6,rho_eps=0.85,0.07458161561418254
Hahn1,0.1,7,rho_eps=0.85,0.0745824050524624
Hahn1,0.1,8,rho_eps=0.85,0.07458160314638222
Hahn1,0.1,9,rho_eps=0.85,0.07458163981051148
Hahn1,0.1,10,rho_eps=0.85,0.0745816251656545
Hahn1,0.1,11,rho_eps=0.85,0.07458158323981268
Hahn1,0.1,12,rho_eps=0.85,0.07458161767894597
Hahn1,0.1,13,rho_eps=0.85,0.07458135913484541
Hahn1,0.1,14,rho_eps=0.85,0.07458238157938625
Hahn1,0.1,15,rho_eps=0.85,0.07458161847640432
Hahn1,0.1,16,rho_eps=0.85,0.07458155852415657
Hahn1,0.1,17,rho_eps=0.85,0.07458154168860472
Hahn1,0.1,18,rho_eps=0.85,0.07458161999629861
Hahn1,0.1,19,rho_eps=0.85,0.0745821313860788
Hahn1,0.3,0,rho_eps=0.85,0.07458176477560721
Hahn1,0.3,1,rho_eps=0.85,0.07458166869871209
Hahn1,0.3,2,rho_eps=0.85,0.0745821476509151
Hahn1,0.3,3,rho_eps=0.85,0.07458160657021337
Hahn1,0.3,4,rho_eps=0.85,0.07458226424406453
Hahn1,0.3,5,rho_eps=0.85,0.0745813759123437
Hahn1,0.3,6,rho_eps=0.85,0.07458152304298421
Hahn1,0.3,7,rho_eps=0.85,0.0745814117839047
Hahn1,0.3,8,rho_eps=0.85,0.0745815510721256
Hahn1,0.3,9,rho_eps=0.85,0.07458167592002396
Hahn1,0.3,10,rho_eps=0.85,0.07458183122667063
Hahn1,0.3,11,rho_eps=0.85,0.07463673488000795
Hahn1,0.3,12,rho_eps=0.85,0.07458132885950573
Hahn1,0.3,13,rho_eps=0.85,0.07458199794140043
Hahn1,0.3,14,rho_eps=0.85,0.07458191357976506
Hahn1,0.3,15,rho_eps=0.85,0.07458163548271471
Hahn1,0.3,16,rho_eps=0.85,0.07458145403880583
Hahn1,0.3,17,rho_eps=0.85,0.0745504247952168
Hahn1,0.3,18,rho_eps=0.85,0.07458137541430958
Hahn1,0.3,19,rho_eps=0.85,0.0746719569605811
Kirby2,0.0,0,rho_eps=0.85,0.00808264077153847
Kirby2,0.1,0,rho_eps=0.85,0.004407762110666811
Kirby2,0.1,1,rho_eps=0.85,0.10405080356637944
Kirby2,0.1,2,rho_eps=0.85,0.010286960993937928
Kirby2,0.1,3,rho_eps=0.85,0.1040508034816949
Kirby2,0.1,4,rho_eps=0.85,0.07250706267210608
Kirby2,0.1,5,rho_eps=0.85,0.20522651374945947
Kirby2,0.1,6,rho_eps=0.85,0.06834438993977715
Kirby2,0.1,7,rho_eps=0.85,0.10405080139032694
Kirby2,0.1,8,rho_eps=0.85,0.1040508056630238
Kirby2,0.1,9,rho_eps=0.85,0.0063162361950503225
Kirby2,0.1,10,rho_eps=0.85,0.10405080610608594
Kirby2,0.1,11,rho_eps=0.85,0.012884513479427833
Kirby2,0.1,12,rho_eps=0.85,0.03291274692369329
Kirby2,0.1,13,rho_eps=0.85,0.008455573501250282
Kirby2,0.1,14,rho_eps=0.85,0.02309656533355123
Kirby2,0.1,15,rho_eps=0.85,0.10405080292863411
Kirby2,0.1,16,rho_eps=0.85,0.10405080297623619
Kirby2,0.1,17,rho_eps=0.85,0.10405080424432456
Kirby2,0.1,18,rho_eps=0.85,0.0787698492952207
Kirby2,0.1,19,rho_eps=0.85,0.027230083486101044
Kirby2,0.3,0,rho_eps=0.85,0.15491488550535437
Kirby2,0.3,1,rho_eps=0.85,0.02316231697401386
Kirby2,0.3,2,rho_eps=0.85,0.05855364266981117
Kirby2,0.3,3,rho_eps=0.85,0.10405080323513033
Kirby2,0.3,4,rho_eps=0.85,0.05119523938205815
Kirby2,0.3,5,rho_eps=0.85,0.1040508037778813
Kirby2,0.3,6,rho_eps=0.85,0.005480015296047152
Kirby2,0.3,7,rho_eps=0.85,0.10405080334363635
Kirby2,0.3,8,rho_eps=0.85,0.10405080978248514
Kirby2,0.3,9,rho_eps=0.85,0.054701908245665246
Kirby2,0.3,10,rho_eps=0.85,0.10405081539035395
Kirby2,0.3,11,rho_eps=0.85,0.10405082060404185
Kirby2,0.3,12,rho_eps=0.85,0.0340837536927323
Kirby2,0.3,13,rho_eps=0.85,0.07270822183175657
Kirby2,0.3,14,rho_eps=0.85,0.10405080131742384
Kirby2,0.3,15,rho_eps=0.85,0.10405080128429371
Kirby2,0.3,16,rho_eps=0.85,0.1040508089919081
Kirby2,0.3,17,rho_eps=0.85,0.10405080670839396
Kirby2,0.3,18,rho_eps=0.85,0.09853073717272183
Kirby2,0.3,19,rho_eps=0.85,0.043295710671870144
Nelson,0.0,0,rho_eps=0.85,0.03512101650081764
Nelson,0.1,0,rho_eps=0.85,0.03512101650082679
Nelson,0.1,1,rho_eps=0.85,0.035121016500816456
Nelson,0.1,2,rho_eps=0.85,0.03512101650082688
Nelson,0.1,3,rho_eps=0.85,0.03512101650082346
Nelson,0.1,4,rho_eps=0.85,0.035121016500839576
Nelson,0.1,5,rho_eps=0.85,0.03512101650081061
Nelson,0.1,6,rho_eps=0.85,0.026810792782828115
Nelson,0.1,7,rho_eps=0.85,0.035121016500821896
Nelson,0.1,8,rho_eps=0.85,0.035121016500821535
Nelson,0.1,9,rho_eps=0.85,0.035121016500812494
Nelson,0.1,10,rho_eps=0.85,0.035121016500830694
Nelson,0.1,11,rho_eps=0.85,0.035121016500828266
Nelson,0.1,12,rho_eps=0.85,0.03512101650080436
Nelson,0.1,13,rho_eps=0.85,0.03512101650081277
Nelson,0.1,14,rho_eps=0.85,0.035121016500819655
Nelson,0.1,15,rho_eps=0.85,0.035121016500811376
Nelson,0.1,16,rho_eps=0.85,0.03512101650080406
Nelson,0.1,17,rho_eps=0.85,0.03512101650081413
Nelson,0.1,18,rho_eps=0.85,0.0351210165008168
Nelson,0.1,19,rho_eps=0.85,0.03512101650082203
Nelson,0.3,0,rho_eps=0.85,0.03512101650081698
Nelson,0.3,1,rho_eps=0.85,0.035121016500821084
Nelson,0.3,2,rho_eps=0.85,0.035121016500808434
Nelson,0.3,3,rho_eps=0.85,0.03512101650082088
Nelson,0.3,4,rho_eps=0.85,0.035121016500802564
Nelson,0.3,5,rho_eps=0.85,0.0351210165008173
Nelson,0.3,6,rho_eps=0.85,0.03512101650081034
Nelson,0.3,7,rho_eps=0.85,0.035121016500815144
Nelson,0.3,8,rho_eps=0.85,0.021293045686423734
Nelson,0.3,9,rho_eps=0.85,0.03512101650082192
Nelson,0.3,10,rho_eps=0.85,0.03512101650081812
Nelson,0.3,11,rho_eps=0.85,0.03512101650082719
Nelson,0.3,12,rho_eps=0.85,0.03512101650081705
Nelson,0.3,13,rho_eps=0.85,0.03512101650080659
Nelson,0.3,14,rho_eps=0.85,0.03512101650082997
Nelson,0.3,15,rho_eps=0.85,0.03512101650081798
Nelson,0.3,16,rho_eps=0.85,0.013292809774597354
Nelson,0.3,17,rho_eps=0.85,0.0351210165008031
Nelson,0.3,18,rho_eps=0.85,0.0351210165008226
Nelson,0.3,19,rho_eps=0.85,0.03512101650082993
Thurber,0.0,0,rho_eps=0.85,0.010398099312153323
Thurber,0.1,0,rho_eps=0.85,0.06165537508713066
Thurber,0.1,1,rho_eps=0.85,0.03620014068756239
Thurber,0.1,2,rho_eps=0.85,0.05806903925358952
Thurber,0.1,3,rho_eps=0.85,0.06015395135597831
Thurber,0.1,4,rho_eps=0.85,0.03730606689854061
Thurber,0.1,5,rho_eps=0.85,0.05395662467953857
Thurber,0.1,6,rho_eps=0.85,0.03797862049085061
Thurber,0.1,7,rho_eps=0.85,0.05004057626729899
Thurber,0.1,8,rho_eps=0.85,0.05486588939023211
Thurber,0.1,9,rho_eps=0.85,0.03656852305035365
Thurber,0.1,10,rho_eps=0.85,0.04014041213826581
Thurber,0.1,11,rho_eps=0.85,0.03754837987411899
Thurber,0.1,12,rho_eps=0.85,0.02079329326175871
Thurber,0.1,13,rho_eps=0.85,0.04239940558740417
Thurber,0.1,14,rho_eps=0.85,0.037418285115573414
Thurber,0.1,15,rho_eps=0.85,0.034471756021439266
Thurber,0.1,16,rho_eps=0.85,0.03481367101184823
Thurber,0.1,17,rho_eps=0.85,0.038544030031460286
Thurber,0.1,18,rho_eps=0.85,0.03499566351471081
Thurber,0.1,19,rho_eps=0.85,0.038779338435473924
Thurber,0.3,0,rho_eps=0.85,0.04030390087341135
Thurber,0.3,1,rho_eps=0.85,0.043391712153787905
Thurber,0.3,2,rho_eps=0.85,0.051861886314608745
Thurber,0.3,3,rho_eps=0.85,0.03579467221952997
Thurber,0.3,4,rho_eps=0.85,0.038434475626353534
Thurber,0.3,5,rho_eps=0.85,0.037290274012037626
Thurber,0.3,6,rho_eps=0.85,0.03970511795254895
Thurber,0.3,7,rho_eps=0.85,0.041118007799857664
Thurber,0.3,8,rho_eps=0.85,0.03789798757720373
Thurber,0.3,9,rho_eps=0.85,0.03965819684416527
Thurber,0.3,10,rho_eps=0.85,0.037134937426769765
Thurber,0.3,11,rho_eps=0.85,0.04111840182832668
Thurber,0.3,12,rho_eps=0.85,0.037264575206336914
Thurber,0.3,13,rho_eps=0.85,0.04044803025442905
Thurber,0.3,14,rho_eps=0.85,0.038188069049577646
Thurber,0.3,15,rho_eps=0.85,0.037566077666516824
Thurber,0.3,16,rho_eps=0.85,0.2880813147251299
Thurber,0.3,17,rho_eps=0.85,0.050116077192174494
Thurber,0.3,18,rho_eps=0.85,0.036112667668102796
Thurber,0.3,19,rho_eps=0.85,0.037819334673670886
