Model,Leverage_Ratio,Trial,Method,Param_Error
exp_decay,0.0,0,Lf_dual,0.001886591200319996
exp_decay,0.0,0,OLS,0.0030273015018081636
exp_decay,0.0,0,Huber,0.0030417706677885667
exp_decay,0.0,0,Cauchy,0.002827411590117107
exp_decay,0.0,0,GM,0.0033229501893203063
exp_decay,0.0,0,Welsch,0.0033003049227316103
exp_decay,0.0,0,Tukey,0.003636311884668017
exp_decay,0.0,0,Barron,0.0030990512312712997
exp_decay,0.0,1,Lf_dual,0.00845992224185041
exp_decay,0.0,1,OLS,0.00458998184393493
exp_decay,0.0,1,Huber,0.007289168085147871
exp_decay,0.0,1,Cauchy,0.00850653272457601
exp_decay,0.0,1,GM,0.007828086587090876
exp_decay,0.0,1,Welsch,0.005894939494943602
exp_decay,0.0,1,Tukey,0.0073659211314972255
exp_decay,0.0,1,Barron,0.00773559875773851
exp_decay,0.0,2,Lf_dual,0.004327950299100532
exp_decay,0.0,2,OLS,0.003425624593906931
exp_decay,0.0,2,Huber,0.004818469231821869
exp_decay,0.0,2,Cauchy,0.00536824907382346
exp_decay,0.0,2,GM,0.005669865264685092
exp_decay,0.0,2,Welsch,0.004081319615169457
exp_decay,0.0,2,Tukey,0.005062022855415001
exp_decay,0.0,2,Barron,0.004928226146566843
exp_decay,0.0,3,Lf_dual,0.011026986477076015
exp_decay,0.0,3,OLS,0.005138336590886495
exp_decay,0.0,3,Huber,0.006054187776744984
exp_decay,0.0,3,Cauchy,0.007937889018322727
exp_decay,0.0,3,GM,0.00545108431216375
exp_decay,0.0,3,Welsch,0.0035551467776225127
exp_decay,0.0,3,Tukey,0.004615379554406261
exp_decay,0.0,3,Barron,0.006555319022613451
exp_decay,0.0,4,Lf_dual,0.012890196542853448
exp_decay,0.0,4,OLS,0.007670890964045374
exp_decay,0.0,4,Huber,0.008258542119107308
exp_decay,0.0,4,Cauchy,0.011224606959330672
exp_decay,0.0,4,GM,0.008436997722476093
exp_decay,0.0,4,Welsch,0.007882445421826336
exp_decay,0.0,4,Tukey,0.008261068228016682
exp_decay,0.0,4,Barron,0.009526060648939077
exp_decay,0.0,5,Lf_dual,0.0034951062992197215
exp_decay,0.0,5,OLS,0.006155286689487921
exp_decay,0.0,5,Huber,0.005526453800891623
exp_decay,0.0,5,Cauchy,0.005636956333722491
exp_decay,0.0,5,GM,0.005957642157803601
exp_decay,0.0,5,Welsch,0.006221130548072313
exp_decay,0.0,5,Tukey,0.00619088008561786
exp_decay,0.0,5,Barron,0.0058854281218394915
exp_decay,0.0,6,Lf_dual,0.003534163467184115
exp_decay,0.0,6,OLS,0.004040003765923174
exp_decay,0.0,6,Huber,0.004085397135450433
exp_decay,0.0,6,Cauchy,0.0035540918187920703
exp_decay,0.0,6,GM,0.004603126938858635
exp_decay,0.0,6,Welsch,0.004530310729400127
exp_decay,0.0,6,Tukey,0.004698221220037697
exp_decay,0.0,6,Barron,0.004024749417837533
exp_decay,0.0,7,Lf_dual,0.008865423237031463
exp_decay,0.0,7,OLS,0.003947825981122824
exp_decay,0.0,7,Huber,0.0039031253069776706
exp_decay,0.0,7,Cauchy,0.006611546149547873
exp_decay,0.0,7,GM,0.004932442524436279
exp_decay,0.0,7,Welsch,0.003865117802584896
exp_decay,0.0,7,Tukey,0.004425693821661125
exp_decay,0.0,7,Barron,0.0052298217950394535
exp_decay,0.0,8,Lf_dual,0.00613796061580846
exp_decay,0.0,8,OLS,0.011389067690892402
exp_decay,0.0,8,Huber,0.0089448561532015
exp_decay,0.0,8,Cauchy,0.006635481182368097
exp_decay,0.0,8,GM,0.006681744269726829
exp_decay,0.0,8,Welsch,0.010928923071397737
exp_decay,0.0,8,Tukey,0.010945648773796293
exp_decay,0.0,8,Barron,0.00781990254680637
exp_decay,0.0,9,Lf_dual,0.0051430547859519825
exp_decay,0.0,9,OLS,0.0032271335242060467
exp_decay,0.0,9,Huber,0.004247435016447171
exp_decay,0.0,9,Cauchy,0.0024493053908725524
exp_decay,0.0,9,GM,0.0038971349585276965
exp_decay,0.0,9,Welsch,0.0037054463654734708
exp_decay,0.0,9,Tukey,0.004241639118131353
exp_decay,0.0,9,Barron,0.0032560296991777284
exp_decay,0.0,10,Lf_dual,0.0017037893825625015
exp_decay,0.0,10,OLS,0.0031689494319545805
exp_decay,0.0,10,Huber,0.002112876187135508
exp_decay,0.0,10,Cauchy,0.002174150962277824
exp_decay,0.0,10,GM,0.0023885181165953493
exp_decay,0.0,10,Welsch,0.0025142998059038578
exp_decay,0.0,10,Tukey,0.002457970051334939
exp_decay,0.0,10,Barron,0.0020381665503307763
exp_decay,0.0,11,Lf_dual,0.0014562759883187976
exp_decay,0.0,11,OLS,0.005098953017100338
exp_decay,0.0,11,Huber,0.0031943681767799387
exp_decay,0.0,11,Cauchy,0.0016134728874078225
exp_decay,0.0,11,GM,0.002331945042119227
exp_decay,0.0,11,Welsch,0.0043568479521830334
exp_decay,0.0,11,Tukey,0.003778608474526547
exp_decay,0.0,11,Barron,0.002510938787725916
exp_decay,0.0,12,Lf_dual,0.0011579278895293187
exp_decay,0.0,12,OLS,0.002575011667580982
exp_decay,0.0,12,Huber,0.0008789038573856918
exp_decay,0.0,12,Cauchy,0.0006464694829971438
exp_decay,0.0,12,GM,0.000553539067193663
exp_decay,0.0,12,Welsch,0.0016989556339722938
exp_decay,0.0,12,Tukey,0.0011368036722759114
exp_decay,0.0,12,Barron,0.0007425071269412729
exp_decay,0.0,13,Lf_dual,0.0023596232167662524
exp_decay,0.0,13,OLS,0.0032474938078517483
exp_decay,0.0,13,Huber,0.0024617451944985705
exp_decay,0.0,13,Cauchy,0.002013489516598324
exp_decay,0.0,13,GM,0.002230075107222933
exp_decay,0.0,13,Welsch,0.0029423564396962674
exp_decay,0.0,13,Tukey,0.002544336666726561
exp_decay,0.0,13,Barron,0.002268694009058485
exp_decay,0.0,14,Lf_dual,0.004482878892284862
exp_decay,0.0,14,OLS,0.006074553958131093
exp_decay,0.0,14,Huber,0.005715464238709113
exp_decay,0.0,14,Cauchy,0.004894642914956728
exp_decay,0.0,14,GM,0.004977662778999003
exp_decay,0.0,14,Welsch,0.005607779941756248
exp_decay,0.0,14,Tukey,0.005272917040310237
exp_decay,0.0,14,Barron,0.00522190114129879
exp_decay,0.0,15,Lf_dual,0.0060657489631589035
exp_decay,0.0,15,OLS,0.0036547866052475085
exp_decay,0.0,15,Huber,0.004634271878569639
exp_decay,0.0,15,Cauchy,0.006750702295145945
exp_decay,0.0,15,GM,0.004902338684566995
exp_decay,0.0,15,Welsch,0.004000519042409586
exp_decay,0.0,15,Tukey,0.004687835369489327
exp_decay,0.0,15,Barron,0.005440389851679778
exp_decay,0.0,16,Lf_dual,0.014750427561609998
exp_decay,0.0,16,OLS,0.011035651865321246
exp_decay,0.0,16,Huber,0.011869051545124873
exp_decay,0.0,16,Cauchy,0.013449756269972898
exp_decay,0.0,16,GM,0.011253761063672943
exp_decay,0.0,16,Welsch,0.010947185957198024
exp_decay,0.0,16,Tukey,0.011074086204110472
exp_decay,0.0,16,Barron,0.012125547984677054
exp_decay,0.0,17,Lf_dual,0.005024053102112036
exp_decay,0.0,17,OLS,0.0013719070639735364
exp_decay,0.0,17,Huber,0.0028098792416732313
exp_decay,0.0,17,Cauchy,0.0039627635650356955
exp_decay,0.0,17,GM,0.003334495355556089
exp_decay,0.0,17,Welsch,0.0022332600224948666
exp_decay,0.0,17,Tukey,0.0033916551404842804
exp_decay,0.0,17,Barron,0.003325886242917014
exp_decay,0.0,18,Lf_dual,0.0034550110699913305
exp_decay,0.0,18,OLS,0.0032603383789137057
exp_decay,0.0,18,Huber,0.002805180759514359
exp_decay,0.0,18,Cauchy,0.002424920013979142
exp_decay,0.0,18,GM,0.0025331471998813297
exp_decay,0.0,18,Welsch,0.003054514288277117
exp_decay,0.0,18,Tukey,0.002892204031105192
exp_decay,0.0,18,Barron,0.0026851759967966324
exp_decay,0.0,19,Lf_dual,0.002711015330067859
exp_decay,0.0,19,OLS,0.0053521439512937245
exp_decay,0.0,19,Huber,0.0037592621748727033
exp_decay,0.0,19,Cauchy,0.0024671097018295236
exp_decay,0.0,19,GM,0.0032745363400629095
exp_decay,0.0,19,Welsch,0.004532081117015397
exp_decay,0.0,19,Tukey,0.004163033329742707
exp_decay,0.0,19,Barron,0.0032467003073731295
exp_decay,0.1,0,Lf_dual,0.00436442989954465
exp_decay,0.1,0,OLS,0.08602628665382006
exp_decay,0.1,0,Huber,0.005476071752123372
exp_decay,0.1,0,Cauchy,0.0038732397096703504
exp_decay,0.1,0,GM,0.0036797994178757246
exp_decay,0.1,0,Welsch,0.003725851060287639
exp_decay,0.1,0,Tukey,0.0038225218408435165
exp_decay,0.1,0,Barron,0.004071758244756739
exp_decay,0.1,1,Lf_dual,0.007132463853376841
exp_decay,0.1,1,OLS,65482.62471928208
exp_decay,0.1,1,Huber,0.06229039585745613
exp_decay,0.1,1,Cauchy,0.005054451001180349
exp_decay,0.1,1,GM,0.0020735732540615825
exp_decay,0.1,1,Welsch,0.00469850857668713
exp_decay,0.1,1,Tukey,0.006385721245737313
exp_decay,0.1,1,Barron,0.007709389347078614
exp_decay,0.1,2,Lf_dual,0.0034532609566892405
exp_decay,0.1,2,OLS,0.31198053579277424
exp_decay,0.1,2,Huber,0.003450996608401835
exp_decay,0.1,2,Cauchy,0.00604922011256177
exp_decay,0.1,2,GM,0.006325598348690204
exp_decay,0.1,2,Welsch,0.004478575945416583
exp_decay,0.1,2,Tukey,0.005349733990991102
exp_decay,0.1,2,Barron,0.00531548940767086
exp_decay,0.1,3,Lf_dual,0.012990556204716288
exp_decay,0.1,3,OLS,0.6359915900597497
exp_decay,0.1,3,Huber,0.008630305691358057
exp_decay,0.1,3,Cauchy,0.009413936920495936
exp_decay,0.1,3,GM,0.008789235415093478
exp_decay,0.1,3,Welsch,0.008623502941395796
exp_decay,0.1,3,Tukey,0.007939354438930766
exp_decay,0.1,3,Barron,0.009025567939943666
exp_decay,0.1,4,Lf_dual,0.012758262691528452
exp_decay,0.1,4,OLS,0.9291951295739448
exp_decay,0.1,4,Huber,0.0067922277786827846
exp_decay,0.1,4,Cauchy,0.006642837368435057
exp_decay,0.1,4,GM,0.005965318711597138
exp_decay,0.1,4,Welsch,0.005750629356881222
exp_decay,0.1,4,Tukey,0.005892303043750138
exp_decay,0.1,4,Barron,0.0060403143727973405
exp_decay,0.1,5,Lf_dual,0.0034308897043185335
exp_decay,0.1,5,OLS,1.3924054208503591
exp_decay,0.1,5,Huber,0.007508960897179772
exp_decay,0.1,5,Cauchy,0.0050905636926045356
exp_decay,0.1,5,GM,0.0054826538907553485
exp_decay,0.1,5,Welsch,0.005827421436571959
exp_decay,0.1,5,Tukey,0.0058913154179216385
exp_decay,0.1,5,Barron,0.0055894959709677765
exp_decay,0.1,6,Lf_dual,0.00944285518845274
exp_decay,0.1,6,OLS,0.20757579757210057
exp_decay,0.1,6,Huber,0.014291640175284356
exp_decay,0.1,6,Cauchy,0.007695074177711023
exp_decay,0.1,6,GM,0.007943847203437285
exp_decay,0.1,6,Welsch,0.007687828462839745
exp_decay,0.1,6,Tukey,0.007962685577753988
exp_decay,0.1,6,Barron,0.00806458202236011
exp_decay,0.1,7,Lf_dual,0.011406525233450902
exp_decay,0.1,7,OLS,0.06753408099488871
exp_decay,0.1,7,Huber,0.0032280114053257003
exp_decay,0.1,7,Cauchy,0.005723599881698368
exp_decay,0.1,7,GM,0.00446750355480419
exp_decay,0.1,7,Welsch,0.0033664467414529654
exp_decay,0.1,7,Tukey,0.003559164503119058
exp_decay,0.1,7,Barron,0.00445750896505277
exp_decay,0.1,8,Lf_dual,0.012682119946365858
exp_decay,0.1,8,OLS,0.013606931765661428
exp_decay,0.1,8,Huber,0.009463067160885777
exp_decay,0.1,8,Cauchy,0.007307804976304624
exp_decay,0.1,8,GM,0.007743608812324666
exp_decay,0.1,8,Welsch,0.011358068107545128
exp_decay,0.1,8,Tukey,0.011519588460767538
exp_decay,0.1,8,Barron,0.009615321480844584
exp_decay,0.1,9,Lf_dual,0.006307698728992341
exp_decay,0.1,9,OLS,0.24171755939949857
exp_decay,0.1,9,Huber,0.006562109730850087
exp_decay,0.1,9,Cauchy,0.003033879405832634
exp_decay,0.1,9,GM,0.0037413015328067126
exp_decay,0.1,9,Welsch,0.0031729795897243386
exp_decay,0.1,9,Tukey,0.003445572349697368
exp_decay,0.1,9,Barron,0.003249636758790417
exp_decay,0.1,10,Lf_dual,0.00437567881761821
exp_decay,0.1,10,OLS,2.0859247299557193
exp_decay,0.1,10,Huber,0.006361020470698082
exp_decay,0.1,10,Cauchy,0.0021747143705690324
exp_decay,0.1,10,GM,0.0023335718144416335
exp_decay,0.1,10,Welsch,0.003242739859282561
exp_decay,0.1,10,Tukey,0.002843683103595468
exp_decay,0.1,10,Barron,0.0024982353454845643
exp_decay,0.1,11,Lf_dual,0.004752217708111948
exp_decay,0.1,11,OLS,0.6681712740273933
exp_decay,0.1,11,Huber,0.006926500007892769
exp_decay,0.1,11,Cauchy,0.00495070684541797
exp_decay,0.1,11,GM,0.005525596552902224
exp_decay,0.1,11,Welsch,0.006812402885877632
exp_decay,0.1,11,Tukey,0.006868003598602064
exp_decay,0.1,11,Barron,0.0058266669553241985
exp_decay,0.1,12,Lf_dual,0.0042968682964939706
exp_decay,0.1,12,OLS,0.20099335745795568
exp_decay,0.1,12,Huber,0.007086593961908913
exp_decay,0.1,12,Cauchy,0.0036864737294760187
exp_decay,0.1,12,GM,0.003478667521103206
exp_decay,0.1,12,Welsch,0.0036344531263610784
exp_decay,0.1,12,Tukey,0.003067883923174603
exp_decay,0.1,12,Barron,0.003831419159482787
exp_decay,0.1,13,Lf_dual,0.0023926425914121458
exp_decay,0.1,13,OLS,0.24784501098627437
exp_decay,0.1,13,Huber,0.007052775893803071
exp_decay,0.1,13,Cauchy,0.0018675046243460862
exp_decay,0.1,13,GM,0.0023702430727247986
exp_decay,0.1,13,Welsch,0.002647299710258157
exp_decay,0.1,13,Tukey,0.002549179767375616
exp_decay,0.1,13,Barron,0.0023444278633215914
exp_decay,0.1,14,Lf_dual,0.003569994829925206
exp_decay,0.1,14,OLS,0.27960546270230663
exp_decay,0.1,14,Huber,0.008127918798255591
exp_decay,0.1,14,Cauchy,0.005923435260716342
exp_decay,0.1,14,GM,0.005789853555980012
exp_decay,0.1,14,Welsch,0.005677893752570294
exp_decay,0.1,14,Tukey,0.005597627525942649
exp_decay,0.1,14,Barron,0.005712567714702251
exp_decay,0.1,15,Lf_dual,0.01005969183810364
exp_decay,0.1,15,OLS,0.882300420401067
exp_decay,0.1,15,Huber,0.009853759032210085
exp_decay,0.1,15,Cauchy,0.0053971287536924385
exp_decay,0.1,15,GM,0.004734008700970147
exp_decay,0.1,15,Welsch,0.00399157274616751
exp_decay,0.1,15,Tukey,0.004138111282396293
exp_decay,0.1,15,Barron,0.0046952703201415275
exp_decay,0.1,16,Lf_dual,0.014884499171698005
exp_decay,0.1,16,OLS,1.8637106456757242
exp_decay,0.1,16,Huber,0.007532912455217514
exp_decay,0.1,16,Cauchy,0.0098470682687372
exp_decay,0.1,16,GM,0.009197244596547492
exp_decay,0.1,16,Welsch,0.010043834104843554
exp_decay,0.1,16,Tukey,0.009621081680034579
exp_decay,0.1,16,Barron,0.009657441518941545
exp_decay,0.1,17,Lf_dual,0.008454025819669026
exp_decay,0.1,17,OLS,0.18768885844440375
exp_decay,0.1,17,Huber,0.003930587178650034
exp_decay,0.1,17,Cauchy,0.005003306835498435
exp_decay,0.1,17,GM,0.0045356892084454994
exp_decay,0.1,17,Welsch,0.0038991582189974064
exp_decay,0.1,17,Tukey,0.004461415191433176
exp_decay,0.1,17,Barron,0.00451508439301263
exp_decay,0.1,18,Lf_dual,0.005728779614072211
exp_decay,0.1,18,OLS,0.6909213300065624
exp_decay,0.1,18,Huber,0.014596152490506869
exp_decay,0.1,18,Cauchy,0.005429315247909409
exp_decay,0.1,18,GM,0.005014888069140758
exp_decay,0.1,18,Welsch,0.005197308434188717
exp_decay,0.1,18,Tukey,0.005158421233391539
exp_decay,0.1,18,Barron,0.006042112217711935
exp_decay,0.1,19,Lf_dual,0.0025598731678503663
exp_decay,0.1,19,OLS,0.19130057452017638
exp_decay,0.1,19,Huber,0.003971912847009206
exp_decay,0.1,19,Cauchy,0.003322035989962969
exp_decay,0.1,19,GM,0.003789795340432054
exp_decay,0.1,19,Welsch,0.004201097536129242
exp_decay,0.1,19,Tukey,0.004284890686440182
exp_decay,0.1,19,Barron,0.0039129501302372395
exp_decay,0.2,0,Lf_dual,0.006966025271697922
exp_decay,0.2,0,OLS,0.7151257888840902
exp_decay,0.2,0,Huber,0.024652491589594504
exp_decay,0.2,0,Cauchy,0.007643460558632643
exp_decay,0.2,0,GM,0.0072429910413526555
exp_decay,0.2,0,Welsch,0.008541741014723946
exp_decay,0.2,0,Tukey,0.0074050342997653215
exp_decay,0.2,0,Barron,0.008569169573470474
exp_decay,0.2,1,Lf_dual,0.0025299539471500933
exp_decay,0.2,1,OLS,0.08475283593295163
exp_decay,0.2,1,Huber,0.0135685926571021
exp_decay,0.2,1,Cauchy,0.005279367567257654
exp_decay,0.2,1,GM,0.004269255252383887
exp_decay,0.2,1,Welsch,0.0038871234858100815
exp_decay,0.2,1,Tukey,0.0041378921142099095
exp_decay,0.2,1,Barron,0.004953374382928435
exp_decay,0.2,2,Lf_dual,0.003687331478058367
exp_decay,0.2,2,OLS,0.12791898949242025
exp_decay,0.2,2,Huber,0.0030115554289523814
exp_decay,0.2,2,Cauchy,0.0026701325719709194
exp_decay,0.2,2,GM,0.003069634789518069
exp_decay,0.2,2,Welsch,0.003013476794689058
exp_decay,0.2,2,Tukey,0.0030297258787599186
exp_decay,0.2,2,Barron,0.0026955843434295934
exp_decay,0.2,3,Lf_dual,0.012583022979640923
exp_decay,0.2,3,OLS,14239.43361761578
exp_decay,0.2,3,Huber,0.03981174111902045
exp_decay,0.2,3,Cauchy,0.009955701450543277
exp_decay,0.2,3,GM,0.010367736052331229
exp_decay,0.2,3,Welsch,0.011352824569842927
exp_decay,0.2,3,Tukey,0.012753281807009248
exp_decay,0.2,3,Barron,0.011507826451584617
exp_decay,0.2,4,Lf_dual,0.015212893315141703
exp_decay,0.2,4,OLS,21979.615169066987
exp_decay,0.2,4,Huber,0.027818881270111076
exp_decay,0.2,4,Cauchy,0.009892892302194319
exp_decay,0.2,4,GM,0.009283614192288073
exp_decay,0.2,4,Welsch,0.03906084516288601
exp_decay,0.2,4,Tukey,0.018114530037785632
exp_decay,0.2,4,Barron,0.0147516505347531
exp_decay,0.2,5,Lf_dual,0.003086300712824647
exp_decay,0.2,5,OLS,0.13403466038950923
exp_decay,0.2,5,Huber,0.002409806351321577
exp_decay,0.2,5,Cauchy,0.0026267584449917083
exp_decay,0.2,5,GM,0.003290506021744965
exp_decay,0.2,5,Welsch,0.002786980582651616
exp_decay,0.2,5,Tukey,0.003065022601449036
exp_decay,0.2,5,Barron,0.002656676606237276
exp_decay,0.2,6,Lf_dual,0.0048728324464611126
exp_decay,0.2,6,OLS,0.01997147409613419
exp_decay,0.2,6,Huber,0.00628791288500874
exp_decay,0.2,6,Cauchy,0.0034113895937572998
exp_decay,0.2,6,GM,0.0039164514414466315
exp_decay,0.2,6,Welsch,0.003545158019541115
exp_decay,0.2,6,Tukey,0.0037391563538642343
exp_decay,0.2,6,Barron,0.0034632826775136405
exp_decay,0.2,7,Lf_dual,0.009951077632650735
exp_decay,0.2,7,OLS,0.44311523740533415
exp_decay,0.2,7,Huber,0.004616963809412263
exp_decay,0.2,7,Cauchy,0.0067145826923972335
exp_decay,0.2,7,GM,0.006366066511871237
exp_decay,0.2,7,Welsch,0.006311610394575668
exp_decay,0.2,7,Tukey,0.005900656557818598
exp_decay,0.2,7,Barron,0.005806857172254984
exp_decay,0.2,8,Lf_dual,0.017162457985266655
exp_decay,0.2,8,OLS,1.1517228234114354
exp_decay,0.2,8,Huber,0.01761945491391308
exp_decay,0.2,8,Cauchy,0.019050527176613565
exp_decay,0.2,8,GM,0.018707996494800996
exp_decay,0.2,8,Welsch,0.01884041149789217
exp_decay,0.2,8,Tukey,0.018741943320649
exp_decay,0.2,8,Barron,0.01909642152370475
exp_decay,0.2,9,Lf_dual,0.005890434440196832
exp_decay,0.2,9,OLS,0.03687810508203944
exp_decay,0.2,9,Huber,0.006857689667670158
exp_decay,0.2,9,Cauchy,0.005848935957915664
exp_decay,0.2,9,GM,0.006452057751643887
exp_decay,0.2,9,Welsch,0.0070338696027988515
exp_decay,0.2,9,Tukey,0.006892902269848065
exp_decay,0.2,9,Barron,0.0065758236792231705
exp_decay,0.2,10,Lf_dual,0.004911303985027441
exp_decay,0.2,10,OLS,1.4027873492168008
exp_decay,0.2,10,Huber,0.0660969092222243
exp_decay,0.2,10,Cauchy,0.008688212779649205
exp_decay,0.2,10,GM,0.00751271058485285
exp_decay,0.2,10,Welsch,0.007438144273249718
exp_decay,0.2,10,Tukey,0.007996918019260403
exp_decay,0.2,10,Barron,0.01083298028857481
exp_decay,0.2,11,Lf_dual,0.002442250318334853
exp_decay,0.2,11,OLS,0.04764421130337474
exp_decay,0.2,11,Huber,0.007899102573001552
exp_decay,0.2,11,Cauchy,0.003859750411746153
exp_decay,0.2,11,GM,0.004567541395853471
exp_decay,0.2,11,Welsch,0.006699015059415405
exp_decay,0.2,11,Tukey,0.006060349945315962
exp_decay,0.2,11,Barron,0.005256757897486887
exp_decay,0.2,12,Lf_dual,0.0025601864174022706
exp_decay,0.2,12,OLS,0.19960321022477023
exp_decay,0.2,12,Huber,0.010338048583567955
exp_decay,0.2,12,Cauchy,0.0031808232133218326
exp_decay,0.2,12,GM,0.0024612536479368557
exp_decay,0.2,12,Welsch,0.003589816900839954
exp_decay,0.2,12,Tukey,0.003023947901274438
exp_decay,0.2,12,Barron,0.0037783866581521334
exp_decay,0.2,13,Lf_dual,0.006817345924405499
exp_decay,0.2,13,OLS,0.1395219725747127
exp_decay,0.2,13,Huber,0.010734623464846887
exp_decay,0.2,13,Cauchy,0.0031097344104074305
exp_decay,0.2,13,GM,0.0027956702408470572
exp_decay,0.2,13,Welsch,0.0026314589820720666
exp_decay,0.2,13,Tukey,0.002597861184825041
exp_decay,0.2,13,Barron,0.0028910483685653417
exp_decay,0.2,14,Lf_dual,0.0056206248298413
exp_decay,0.2,14,OLS,0.40704361001855
exp_decay,0.2,14,Huber,0.012149727316838771
exp_decay,0.2,14,Cauchy,0.0062703865229220045
exp_decay,0.2,14,GM,0.0067618578022218545
exp_decay,0.2,14,Welsch,0.006888972388344193
exp_decay,0.2,14,Tukey,0.007651403263972168
exp_decay,0.2,14,Barron,0.006161874011083067
exp_decay,0.2,15,Lf_dual,0.874275890383017
exp_decay,0.2,15,OLS,1.3766570201395127
exp_decay,0.2,15,Huber,1.1288576104112096
exp_decay,0.2,15,Cauchy,0.013906750523398253
exp_decay,0.2,15,GM,0.0032985772305766116
exp_decay,0.2,15,Welsch,0.037267840661322695
exp_decay,0.2,15,Tukey,0.00348126496178347
exp_decay,0.2,15,Barron,0.028493621882737505
exp_decay,0.2,16,Lf_dual,0.0052744316288329506
exp_decay,0.2,16,OLS,0.040384496758458864
exp_decay,0.2,16,Huber,0.006844059763673471
exp_decay,0.2,16,Cauchy,0.007052177073424141
exp_decay,0.2,16,GM,0.00693898887275217
exp_decay,0.2,16,Welsch,0.007432133538373504
exp_decay,0.2,16,Tukey,0.007214302692464369
exp_decay,0.2,16,Barron,0.006969441950959098
exp_decay,0.2,17,Lf_dual,0.005303822122085606
exp_decay,0.2,17,OLS,0.1549762291334539
exp_decay,0.2,17,Huber,0.010991543195395142
exp_decay,0.2,17,Cauchy,0.001758498588213451
exp_decay,0.2,17,GM,0.002499362885672957
exp_decay,0.2,17,Welsch,0.0017387916976156128
exp_decay,0.2,17,Tukey,0.0024001553883430467
exp_decay,0.2,17,Barron,0.0012642332362364744
exp_decay,0.2,18,Lf_dual,0.004343106487670325
exp_decay,0.2,18,OLS,0.15281419150512962
exp_decay,0.2,18,Huber,0.009975863716024777
exp_decay,0.2,18,Cauchy,0.0037976104838750527
exp_decay,0.2,18,GM,0.0036914373877813406
exp_decay,0.2,18,Welsch,0.003397752062967341
exp_decay,0.2,18,Tukey,0.003461337202850056
exp_decay,0.2,18,Barron,0.003676281852171285
exp_decay,0.2,19,Lf_dual,0.004269607173708065
exp_decay,0.2,19,OLS,0.18408845996299378
exp_decay,0.2,19,Huber,0.0030027542976039713
exp_decay,0.2,19,Cauchy,0.0018330229645310296
exp_decay,0.2,19,GM,0.0021297971849807613
exp_decay,0.2,19,Welsch,0.003355326259329037
exp_decay,0.2,19,Tukey,0.002775593889740971
exp_decay,0.2,19,Barron,0.0025423203131153924
exp_decay,0.3,0,Lf_dual,0.002503724640207407
exp_decay,0.3,0,OLS,0.590305803731166
exp_decay,0.3,0,Huber,0.03452031270209477
exp_decay,0.3,0,Cauchy,0.008854116110663677
exp_decay,0.3,0,GM,0.007410586805548209
exp_decay,0.3,0,Welsch,0.0105514475586577
exp_decay,0.3,0,Tukey,0.007902774065243503
exp_decay,0.3,0,Barron,0.010484709296272923
exp_decay,0.3,1,Lf_dual,0.0058686806035491736
exp_decay,0.3,1,OLS,0.30027473936122107
exp_decay,0.3,1,Huber,0.0023333538729607053
exp_decay,0.3,1,Cauchy,0.001580018666489721
exp_decay,0.3,1,GM,0.0014070912722523806
exp_decay,0.3,1,Welsch,0.0035863183039327165
exp_decay,0.3,1,Tukey,0.002945514494984274
exp_decay,0.3,1,Barron,0.0017434788279216483
exp_decay,0.3,2,Lf_dual,0.005257546257701932
exp_decay,0.3,2,OLS,0.5628828312300269
exp_decay,0.3,2,Huber,0.026799912420149948
exp_decay,0.3,2,Cauchy,0.002286644611760944
exp_decay,0.3,2,GM,0.0026154584533414666
exp_decay,0.3,2,Welsch,0.002559188108785889
exp_decay,0.3,2,Tukey,0.003440582439031231
exp_decay,0.3,2,Barron,0.0023524478550169103
exp_decay,0.3,3,Lf_dual,0.9783131425435904
exp_decay,0.3,3,OLS,0.5109608585773666
exp_decay,0.3,3,Huber,1.4617575177992532
exp_decay,0.3,3,Cauchy,0.016724286867526677
exp_decay,0.3,3,GM,0.009660275722030126
exp_decay,0.3,3,Welsch,0.026878386343249846
exp_decay,0.3,3,Tukey,0.016373482259641813
exp_decay,0.3,3,Barron,3.861743194686998
exp_decay,0.3,4,Lf_dual,0.017290603650864208
exp_decay,0.3,4,OLS,0.747247131208111
exp_decay,0.3,4,Huber,0.015487251809344458
exp_decay,0.3,4,Cauchy,0.010970857230998752
exp_decay,0.3,4,GM,0.010528286019439805
exp_decay,0.3,4,Welsch,0.010237894123630053
exp_decay,0.3,4,Tukey,0.0102772289109578
exp_decay,0.3,4,Barron,0.010812421568385439
exp_decay,0.3,5,Lf_dual,0.008897383133943091
exp_decay,0.3,5,OLS,0.03907142147356207
exp_decay,0.3,5,Huber,0.005235481477786819
exp_decay,0.3,5,Cauchy,0.0073185995270506465
exp_decay,0.3,5,GM,0.007793694228287401
exp_decay,0.3,5,Welsch,0.006576407764365436
exp_decay,0.3,5,Tukey,0.00697763147059604
exp_decay,0.3,5,Barron,0.006934899600943129
exp_decay,0.3,6,Lf_dual,0.006191260325418979
exp_decay,0.3,6,OLS,0.29982267269787904
exp_decay,0.3,6,Huber,0.003814001468553621
exp_decay,0.3,6,Cauchy,0.003578370496500734
exp_decay,0.3,6,GM,0.003854661141381579
exp_decay,0.3,6,Welsch,0.005621800063213155
exp_decay,0.3,6,Tukey,0.005118378369284807
exp_decay,0.3,6,Barron,0.00438837019107069
exp_decay,0.3,7,Lf_dual,0.011350790323493391
exp_decay,0.3,7,OLS,0.11666582060666446
exp_decay,0.3,7,Huber,0.006970415900193962
exp_decay,0.3,7,Cauchy,0.006361785864645284
exp_decay,0.3,7,GM,0.006006495063726659
exp_decay,0.3,7,Welsch,0.00613236732855639
exp_decay,0.3,7,Tukey,0.006782745427502165
exp_decay,0.3,7,Barron,0.006547978242575981
exp_decay,0.3,8,Lf_dual,0.03150235178821492
exp_decay,0.3,8,OLS,1.6609426418672617
exp_decay,0.3,8,Huber,0.045844026390064
exp_decay,0.3,8,Cauchy,0.018727009533440055
exp_decay,0.3,8,GM,0.017694121813990778
exp_decay,0.3,8,Welsch,0.017400441932130615
exp_decay,0.3,8,Tukey,0.01776671295132649
exp_decay,0.3,8,Barron,0.019280339801728233
exp_decay,0.3,9,Lf_dual,1.1757616782314209
exp_decay,0.3,9,OLS,23273.87169043076
exp_decay,0.3,9,Huber,0.0823300979261194
exp_decay,0.3,9,Cauchy,0.010530987978927759
exp_decay,0.3,9,GM,0.010249261056594015
exp_decay,0.3,9,Welsch,0.010441776365910389
exp_decay,0.3,9,Tukey,0.01125734209977142
exp_decay,0.3,9,Barron,3628.9689005887512
exp_decay,0.3,10,Lf_dual,0.008840002146983269
exp_decay,0.3,10,OLS,0.43997447484539326
exp_decay,0.3,10,Huber,0.03945969248771251
exp_decay,0.3,10,Cauchy,0.007999257636404118
exp_decay,0.3,10,GM,0.00925419952382759
exp_decay,0.3,10,Welsch,0.014073043906317055
exp_decay,0.3,10,Tukey,0.013122375065919564
exp_decay,0.3,10,Barron,0.009798970611288612
exp_decay,0.3,11,Lf_dual,0.004854767626042187
exp_decay,0.3,11,OLS,0.13573360724550698
exp_decay,0.3,11,Huber,0.01922094444383444
exp_decay,0.3,11,Cauchy,0.0056466252432229224
exp_decay,0.3,11,GM,0.006225763161662899
exp_decay,0.3,11,Welsch,0.00701344678866057
exp_decay,0.3,11,Tukey,0.006846136609951395
exp_decay,0.3,11,Barron,0.0068901375633594365
exp_decay,0.3,12,Lf_dual,0.0017835947325894883
exp_decay,0.3,12,OLS,0.07270614878649971
exp_decay,0.3,12,Huber,0.0021113638485060478
exp_decay,0.3,12,Cauchy,0.001002173468361677
exp_decay,0.3,12,GM,0.0019129404052346123
exp_decay,0.3,12,Welsch,0.003241191762834778
exp_decay,0.3,12,Tukey,0.0028497577386303575
exp_decay,0.3,12,Barron,0.0014859872415152163
exp_decay,0.3,13,Lf_dual,0.0025498281287650152
exp_decay,0.3,13,OLS,0.11006647798309178
exp_decay,0.3,13,Huber,0.008510262840924508
exp_decay,0.3,13,Cauchy,0.003549218180308313
exp_decay,0.3,13,GM,0.0033031490075957006
exp_decay,0.3,13,Welsch,0.0034991693111232442
exp_decay,0.3,13,Tukey,0.0037131619318205864
exp_decay,0.3,13,Barron,0.003741519800793398
exp_decay,0.3,14,Lf_dual,0.0072248617119061425
exp_decay,0.3,14,OLS,0.45465851009115166
exp_decay,0.3,14,Huber,0.0227981430016327
exp_decay,0.3,14,Cauchy,0.003961358351860037
exp_decay,0.3,14,GM,0.00454198377445473
exp_decay,0.3,14,Welsch,0.0029830407657747684
exp_decay,0.3,14,Tukey,0.0030329940505494455
exp_decay,0.3,14,Barron,0.0030018378300859408
exp_decay,0.3,15,Lf_dual,0.9399489513461508
exp_decay,0.3,15,OLS,17080.21518609495
exp_decay,0.3,15,Huber,1854.4736462524213
exp_decay,0.3,15,Cauchy,0.017867754989192807
exp_decay,0.3,15,GM,0.00818863726185682
exp_decay,0.3,15,Welsch,0.016340146351746063
exp_decay,0.3,15,Tukey,0.008104752713422515
exp_decay,0.3,15,Barron,39.20052940448936
exp_decay,0.3,16,Lf_dual,0.00658925834980864
exp_decay,0.3,16,OLS,0.0366038217879929
exp_decay,0.3,16,Huber,0.00601446797372741
exp_decay,0.3,16,Cauchy,0.005606465732646049
exp_decay,0.3,16,GM,0.005908570156675884
exp_decay,0.3,16,Welsch,0.006516794006848418
exp_decay,0.3,16,Tukey,0.006457933545812184
exp_decay,0.3,16,Barron,0.005378361347186977
exp_decay,0.3,17,Lf_dual,0.009553347971739878
exp_decay,0.3,17,OLS,0.28793725825299077
exp_decay,0.3,17,Huber,0.024303353704871713
exp_decay,0.3,17,Cauchy,0.005729839110558731
exp_decay,0.3,17,GM,0.006476748808498946
exp_decay,0.3,17,Welsch,0.010594739794979414
exp_decay,0.3,17,Tukey,0.00806336160264056
exp_decay,0.3,17,Barron,0.007328429946564511
exp_decay,0.3,18,Lf_dual,0.005022349279308178
exp_decay,0.3,18,OLS,0.15052605450139553
exp_decay,0.3,18,Huber,0.020344606644120886
exp_decay,0.3,18,Cauchy,0.007802313433413522
exp_decay,0.3,18,GM,0.0068958513785448185
exp_decay,0.3,18,Welsch,0.0064762320412627625
exp_decay,0.3,18,Tukey,0.0065729284586587295
exp_decay,0.3,18,Barron,0.007817927636063643
exp_decay,0.3,19,Lf_dual,0.006603407065435492
exp_decay,0.3,19,OLS,0.6857899507526386
exp_decay,0.3,19,Huber,0.020182620688523487
exp_decay,0.3,19,Cauchy,0.002514299757075564
exp_decay,0.3,19,GM,0.003407521821577294
exp_decay,0.3,19,Welsch,0.0038589691307242295
exp_decay,0.3,19,Tukey,0.0037641096105192687
exp_decay,0.3,19,Barron,0.0030099230667283176
gaussian_rbf,0.0,0,Lf_dual,0.001118379324710643
gaussian_rbf,0.0,0,OLS,0.0013365902324392442
gaussian_rbf,0.0,0,Huber,0.001786374220208831
gaussian_rbf,0.0,0,Cauchy,0.0017246162928557193
gaussian_rbf,0.0,0,GM,0.001981337341389793
gaussian_rbf,0.0,0,Welsch,0.001558124598548614
gaussian_rbf,0.0,0,Tukey,0.0018504951820983474
gaussian_rbf,0.0,0,Barron,0.0017030546432327813
gaussian_rbf,0.0,1,Lf_dual,0.004087235847225271
gaussian_rbf,0.0,1,OLS,0.002617721575494047
gaussian_rbf,0.0,1,Huber,0.0027376927887907067
gaussian_rbf,0.0,1,Cauchy,0.0028854591118176696
gaussian_rbf,0.0,1,GM,0.002717993359499804
gaussian_rbf,0.0,1,Welsch,0.0025948945964978584
gaussian_rbf,0.0,1,Tukey,0.0026124144990852106
gaussian_rbf,0.0,1,Barron,0.0027695757730073385
gaussian_rbf,0.0,2,Lf_dual,0.0012611120990124421
gaussian_rbf,0.0,2,OLS,0.0015572221857774622
gaussian_rbf,0.0,2,Huber,0.001274345196500185
gaussian_rbf,0.0,2,Cauchy,0.001019104888952718
gaussian_rbf,0.0,2,GM,0.0012450602509732644
gaussian_rbf,0.0,2,Welsch,0.001508994033581938
gaussian_rbf,0.0,2,Tukey,0.001376197785967835
gaussian_rbf,0.0,2,Barron,0.001163847125846531
gaussian_rbf,0.0,3,Lf_dual,0.0036637609689406402
gaussian_rbf,0.0,3,OLS,0.0023039912275421193
gaussian_rbf,0.0,3,Huber,0.0030944546079342233
gaussian_rbf,0.0,3,Cauchy,0.00386901484391072
gaussian_rbf,0.0,3,GM,0.00314130323148997
gaussian_rbf,0.0,3,Welsch,0.002469686864289608
gaussian_rbf,0.0,3,Tukey,0.0029289934141567293
gaussian_rbf,0.0,3,Barron,0.0033396133120278883
gaussian_rbf,0.0,4,Lf_dual,0.005652715894843984
gaussian_rbf,0.0,4,OLS,0.002657379817979438
gaussian_rbf,0.0,4,Huber,0.002800733748526527
gaussian_rbf,0.0,4,Cauchy,0.0029302232820714517
gaussian_rbf,0.0,4,GM,0.0027991831111212127
gaussian_rbf,0.0,4,Welsch,0.0026127541639925345
gaussian_rbf,0.0,4,Tukey,0.0026329039748499163
gaussian_rbf,0.0,4,Barron,0.002768658452741138
gaussian_rbf,0.0,5,Lf_dual,0.002086419252570268
gaussian_rbf,0.0,5,OLS,0.0023214625237435484
gaussian_rbf,0.0,5,Huber,0.0019919633197347615
gaussian_rbf,0.0,5,Cauchy,0.0019168430513513547
gaussian_rbf,0.0,5,GM,0.00186888448957551
gaussian_rbf,0.0,5,Welsch,0.0021688437311305248
gaussian_rbf,0.0,5,Tukey,0.0019176134947769931
gaussian_rbf,0.0,5,Barron,0.0019683494574612693
gaussian_rbf,0.0,6,Lf_dual,0.002507524773930269
gaussian_rbf,0.0,6,OLS,0.0020209787784328955
gaussian_rbf,0.0,6,Huber,0.0012311263791218022
gaussian_rbf,0.0,6,Cauchy,0.0012616707897628292
gaussian_rbf,0.0,6,GM,0.00112517994845481
gaussian_rbf,0.0,6,Welsch,0.0016103032912584382
gaussian_rbf,0.0,6,Tukey,0.001178744690674735
gaussian_rbf,0.0,6,Barron,0.0011600168333160735
gaussian_rbf,0.0,7,Lf_dual,0.006595993439026129
gaussian_rbf,0.0,7,OLS,0.0010603824357168527
gaussian_rbf,0.0,7,Huber,0.002108391038712033
gaussian_rbf,0.0,7,Cauchy,0.0031785164540769845
gaussian_rbf,0.0,7,GM,0.002046595546183541
gaussian_rbf,0.0,7,Welsch,0.0013110440942548042
gaussian_rbf,0.0,7,Tukey,0.001976704107199352
gaussian_rbf,0.0,7,Barron,0.002505313830807609
gaussian_rbf,0.0,8,Lf_dual,0.0021644112884211604
gaussian_rbf,0.0,8,OLS,0.0063155380124048695
gaussian_rbf,0.0,8,Huber,0.004472216025887107
gaussian_rbf,0.0,8,Cauchy,0.0030357992414650143
gaussian_rbf,0.0,8,GM,0.003314820490196412
gaussian_rbf,0.0,8,Welsch,0.005309171120069282
gaussian_rbf,0.0,8,Tukey,0.004337264360866737
gaussian_rbf,0.0,8,Barron,0.00390245875977071
gaussian_rbf,0.0,9,Lf_dual,0.0033128313752046924
gaussian_rbf,0.0,9,OLS,0.002221013957736346
gaussian_rbf,0.0,9,Huber,0.00259543138654525
gaussian_rbf,0.0,9,Cauchy,0.0027289978876105067
gaussian_rbf,0.0,9,GM,0.0030139453346301396
gaussian_rbf,0.0,9,Welsch,0.002462010560570414
gaussian_rbf,0.0,9,Tukey,0.002653184086099563
gaussian_rbf,0.0,9,Barron,0.0026460665550237373
gaussian_rbf,0.0,10,Lf_dual,0.0011951602575399876
gaussian_rbf,0.0,10,OLS,0.000993766456351773
gaussian_rbf,0.0,10,Huber,0.0012554702248833245
gaussian_rbf,0.0,10,Cauchy,0.0015957132676487126
gaussian_rbf,0.0,10,GM,0.001414743574944005
gaussian_rbf,0.0,10,Welsch,0.0010951575155302342
gaussian_rbf,0.0,10,Tukey,0.0012577702162838175
gaussian_rbf,0.0,10,Barron,0.0014046552156112655
gaussian_rbf,0.0,11,Lf_dual,0.0023252136477099916
gaussian_rbf,0.0,11,OLS,0.0016424859332677948
gaussian_rbf,0.0,11,Huber,0.0013936520551575747
gaussian_rbf,0.0,11,Cauchy,0.001389495005150766
gaussian_rbf,0.0,11,GM,0.001167751915935693
gaussian_rbf,0.0,11,Welsch,0.0015390735035050698
gaussian_rbf,0.0,11,Tukey,0.0013732964955034117
gaussian_rbf,0.0,11,Barron,0.0011861329714690442
gaussian_rbf,0.0,12,Lf_dual,0.0012255936992125978
gaussian_rbf,0.0,12,OLS,0.004823084514675345
gaussian_rbf,0.0,12,Huber,0.003157354428144492
gaussian_rbf,0.0,12,Cauchy,0.002085203226739709
gaussian_rbf,0.0,12,GM,0.0020149201398025293
gaussian_rbf,0.0,12,Welsch,0.00386176702192332
gaussian_rbf,0.0,12,Tukey,0.0030655318413421607
gaussian_rbf,0.0,12,Barron,0.002677661483291308
gaussian_rbf,0.0,13,Lf_dual,0.0004345973491408357
gaussian_rbf,0.0,13,OLS,0.0002539272652218923
gaussian_rbf,0.0,13,Huber,0.0007837513537766358
gaussian_rbf,0.0,13,Cauchy,0.0011777046059358017
gaussian_rbf,0.0,13,GM,0.0009623651511848643
gaussian_rbf,0.0,13,Welsch,0.0003383015044556509
gaussian_rbf,0.0,13,Tukey,0.0008867141817546032
gaussian_rbf,0.0,13,Barron,0.0008445853000811722
gaussian_rbf,0.0,14,Lf_dual,0.0014648867895320258
gaussian_rbf,0.0,14,OLS,0.0013158601059381136
gaussian_rbf,0.0,14,Huber,0.0019037509139924465
gaussian_rbf,0.0,14,Cauchy,0.002272915438695743
gaussian_rbf,0.0,14,GM,0.002470212882603301
gaussian_rbf,0.0,14,Welsch,0.0017068545860875958
gaussian_rbf,0.0,14,Tukey,0.002095483907098629
gaussian_rbf,0.0,14,Barron,0.0020523665346296347
gaussian_rbf,0.0,15,Lf_dual,0.0015346767855074592
gaussian_rbf,0.0,15,OLS,0.0020568758339683585
gaussian_rbf,0.0,15,Huber,0.001374749975419114
gaussian_rbf,0.0,15,Cauchy,0.000748123413264196
gaussian_rbf,0.0,15,GM,0.0008186434018925912
gaussian_rbf,0.0,15,Welsch,0.001641165117968339
gaussian_rbf,0.0,15,Tukey,0.0012322705953163372
gaussian_rbf,0.0,15,Barron,0.0010767760427124952
gaussian_rbf,0.0,16,Lf_dual,0.007470500273767878
gaussian_rbf,0.0,16,OLS,0.006512162336480848
gaussian_rbf,0.0,16,Huber,0.006005241255669993
gaussian_rbf,0.0,16,Cauchy,0.006160948739774217
gaussian_rbf,0.0,16,GM,0.006202150820228271
gaussian_rbf,0.0,16,Welsch,0.0063590250883819605
gaussian_rbf,0.0,16,Tukey,0.0062169578335449435
gaussian_rbf,0.0,16,Barron,0.006139346817350468
gaussian_rbf,0.0,17,Lf_dual,0.0032509860194912363
gaussian_rbf,0.0,17,OLS,0.001936809027168858
gaussian_rbf,0.0,17,Huber,0.0032394483975986786
gaussian_rbf,0.0,17,Cauchy,0.003744056171651083
gaussian_rbf,0.0,17,GM,0.0033639748251094435
gaussian_rbf,0.0,17,Welsch,0.0025230936566106614
gaussian_rbf,0.0,17,Tukey,0.0034940124086307806
gaussian_rbf,0.0,17,Barron,0.0034233376513943207
gaussian_rbf,0.0,18,Lf_dual,0.0009103894396001785
gaussian_rbf,0.0,18,OLS,0.001294051849140952
gaussian_rbf,0.0,18,Huber,0.0014162499891693223
gaussian_rbf,0.0,18,Cauchy,0.0012928832184275262
gaussian_rbf,0.0,18,GM,0.0013542149961084488
gaussian_rbf,0.0,18,Welsch,0.0013119687880693998
gaussian_rbf,0.0,18,Tukey,0.001330108273304216
gaussian_rbf,0.0,18,Barron,0.0013141237961674102
gaussian_rbf,0.0,19,Lf_dual,0.0025469301999458886
gaussian_rbf,0.0,19,OLS,0.002129577665798441
gaussian_rbf,0.0,19,Huber,0.001847189622724325
gaussian_rbf,0.0,19,Cauchy,0.0021486703966214857
gaussian_rbf,0.0,19,GM,0.0017649004084681777
gaussian_rbf,0.0,19,Welsch,0.0017553151092531442
gaussian_rbf,0.0,19,Tukey,0.0015274692318126108
gaussian_rbf,0.0,19,Barron,0.0019254260951285498
gaussian_rbf,0.1,0,Lf_dual,0.004309061526711091
gaussian_rbf,0.1,0,OLS,0.061412906742649105
gaussian_rbf,0.1,0,Huber,0.0037352001464579414
gaussian_rbf,0.1,0,Cauchy,0.0031687741307615427
gaussian_rbf,0.1,0,GM,0.0034152317810506633
gaussian_rbf,0.1,0,Welsch,0.002466207543542828
gaussian_rbf,0.1,0,Tukey,0.002641890917196686
gaussian_rbf,0.1,0,Barron,0.002992505577852568
gaussian_rbf,0.1,1,Lf_dual,0.005620762374720932
gaussian_rbf,0.1,1,OLS,1.4170772820881499
gaussian_rbf,0.1,1,Huber,0.014635710619794559
gaussian_rbf,0.1,1,Cauchy,0.0024757323330643235
gaussian_rbf,0.1,1,GM,0.002585226868278607
gaussian_rbf,0.1,1,Welsch,0.004756756232589779
gaussian_rbf,0.1,1,Tukey,0.002530177342313736
gaussian_rbf,0.1,1,Barron,0.0024797103551118887
gaussian_rbf,0.1,2,Lf_dual,0.0028232978100956566
gaussian_rbf,0.1,2,OLS,0.22493312011508557
gaussian_rbf,0.1,2,Huber,0.0026913714347520726
gaussian_rbf,0.1,2,Cauchy,0.0012464656538862082
gaussian_rbf,0.1,2,GM,0.0012185366773666566
gaussian_rbf,0.1,2,Welsch,0.001718675940848151
gaussian_rbf,0.1,2,Tukey,0.001435450294108489
gaussian_rbf,0.1,2,Barron,0.001364117308531558
gaussian_rbf,0.1,3,Lf_dual,0.007658275583364091
gaussian_rbf,0.1,3,OLS,0.23491211185117092
gaussian_rbf,0.1,3,Huber,0.0027822298299570313
gaussian_rbf,0.1,3,Cauchy,0.004738649298956011
gaussian_rbf,0.1,3,GM,0.004563681184562337
gaussian_rbf,0.1,3,Welsch,0.0037703035176380687
gaussian_rbf,0.1,3,Tukey,0.003939872150064255
gaussian_rbf,0.1,3,Barron,0.004182281194658665
gaussian_rbf,0.1,4,Lf_dual,0.003700636481656268
gaussian_rbf,0.1,4,OLS,0.5265493540721637
gaussian_rbf,0.1,4,Huber,0.002782468162551454
gaussian_rbf,0.1,4,Cauchy,0.0019091434505373827
gaussian_rbf,0.1,4,GM,0.0021138141631892437
gaussian_rbf,0.1,4,Welsch,0.002314433750840169
gaussian_rbf,0.1,4,Tukey,0.0022561703059073195
gaussian_rbf,0.1,4,Barron,0.0020704085854615526
gaussian_rbf,0.1,5,Lf_dual,0.0020603672704709165
gaussian_rbf,0.1,5,OLS,1.0226404147428707
gaussian_rbf,0.1,5,Huber,0.0034280410957756814
gaussian_rbf,0.1,5,Cauchy,0.0016463113417327388
gaussian_rbf,0.1,5,GM,0.0016794580460355903
gaussian_rbf,0.1,5,Welsch,0.002006431119433304
gaussian_rbf,0.1,5,Tukey,0.0018900082869606296
gaussian_rbf,0.1,5,Barron,0.0018816004439552
gaussian_rbf,0.1,6,Lf_dual,0.0023042590768640138
gaussian_rbf,0.1,6,OLS,0.14030266424830723
gaussian_rbf,0.1,6,Huber,0.0055350914316363835
gaussian_rbf,0.1,6,Cauchy,0.0015682802685060982
gaussian_rbf,0.1,6,GM,0.0016994906385719459
gaussian_rbf,0.1,6,Welsch,0.0021640966589788146
gaussian_rbf,0.1,6,Tukey,0.0020097669107501112
gaussian_rbf,0.1,6,Barron,0.001865697084374337
gaussian_rbf,0.1,7,Lf_dual,0.007032122410891801
gaussian_rbf,0.1,7,OLS,0.04978513091367729
gaussian_rbf,0.1,7,Huber,0.0019635679382048214
gaussian_rbf,0.1,7,Cauchy,0.0028710313512298204
gaussian_rbf,0.1,7,GM,0.0021830688056237463
gaussian_rbf,0.1,7,Welsch,0.0013988502992663353
gaussian_rbf,0.1,7,Tukey,0.0017693848891302182
gaussian_rbf,0.1,7,Barron,0.0023440871894121417
gaussian_rbf,0.1,8,Lf_dual,0.001925569256440833
gaussian_rbf,0.1,8,OLS,0.007179264612133729
gaussian_rbf,0.1,8,Huber,0.0033933784806447613
gaussian_rbf,0.1,8,Cauchy,0.0030964876596229467
gaussian_rbf,0.1,8,GM,0.0036288540113490874
gaussian_rbf,0.1,8,Welsch,0.0058222696780208865
gaussian_rbf,0.1,8,Tukey,0.0049148762428087005
gaussian_rbf,0.1,8,Barron,0.004324201606670336
gaussian_rbf,0.1,9,Lf_dual,0.004226453625960283
gaussian_rbf,0.1,9,OLS,0.17040708078886124
gaussian_rbf,0.1,9,Huber,0.004533394747635392
gaussian_rbf,0.1,9,Cauchy,0.0028743976247463587
gaussian_rbf,0.1,9,GM,0.0028558996439680315
gaussian_rbf,0.1,9,Welsch,0.0024947915754148973
gaussian_rbf,0.1,9,Tukey,0.0026169338449415604
gaussian_rbf,0.1,9,Barron,0.002741145742917653
gaussian_rbf,0.1,10,Lf_dual,0.002662007478932584
gaussian_rbf,0.1,10,OLS,0.44014362598376083
gaussian_rbf,0.1,10,Huber,0.005035922398118499
gaussian_rbf,0.1,10,Cauchy,0.0016177457503849977
gaussian_rbf,0.1,10,GM,0.001303114772876881
gaussian_rbf,0.1,10,Welsch,0.0012184238597329781
gaussian_rbf,0.1,10,Tukey,0.001237807150963042
gaussian_rbf,0.1,10,Barron,0.0016998330677436922
gaussian_rbf,0.1,11,Lf_dual,0.00425726775672797
gaussian_rbf,0.1,11,OLS,0.4628293669793175
gaussian_rbf,0.1,11,Huber,0.001013157208330679
gaussian_rbf,0.1,11,Cauchy,0.0016511733727956495
gaussian_rbf,0.1,11,GM,0.002031680772645779
gaussian_rbf,0.1,11,Welsch,0.00217578339272803
gaussian_rbf,0.1,11,Tukey,0.0021695260069034997
gaussian_rbf,0.1,11,Barron,0.0018573288878876394
gaussian_rbf,0.1,12,Lf_dual,0.0037917300583171715
gaussian_rbf,0.1,12,OLS,0.14518656316084277
gaussian_rbf,0.1,12,Huber,0.0016938380914120065
gaussian_rbf,0.1,12,Cauchy,0.00200881709715325
gaussian_rbf,0.1,12,GM,0.0017157125482870845
gaussian_rbf,0.1,12,Welsch,0.0018806173950772108
gaussian_rbf,0.1,12,Tukey,0.0019357339018770648
gaussian_rbf,0.1,12,Barron,0.0015087655723261826
gaussian_rbf,0.1,13,Lf_dual,0.0018419657714985932
gaussian_rbf,0.1,13,OLS,0.1793941112448249
gaussian_rbf,0.1,13,Huber,0.0033709551459345775
gaussian_rbf,0.1,13,Cauchy,0.0003034138791564311
gaussian_rbf,0.1,13,GM,0.0005399409951379609
gaussian_rbf,0.1,13,Welsch,0.0008701353647829501
gaussian_rbf,0.1,13,Tukey,0.0007885657193320786
gaussian_rbf,0.1,13,Barron,0.00045601882365550744
gaussian_rbf,0.1,14,Lf_dual,0.0024096171445859
gaussian_rbf,0.1,14,OLS,0.19336744252391871
gaussian_rbf,0.1,14,Huber,0.0033759399204812846
gaussian_rbf,0.1,14,Cauchy,0.0024540413812145097
gaussian_rbf,0.1,14,GM,0.0026067168750687477
gaussian_rbf,0.1,14,Welsch,0.0021883016302146736
gaussian_rbf,0.1,14,Tukey,0.0023817327548206315
gaussian_rbf,0.1,14,Barron,0.00236774209656077
gaussian_rbf,0.1,15,Lf_dual,0.0019088045864234123
gaussian_rbf,0.1,15,OLS,0.7838178870162283
gaussian_rbf,0.1,15,Huber,0.007027796410955008
gaussian_rbf,0.1,15,Cauchy,0.00222573323097886
gaussian_rbf,0.1,15,GM,0.002378424371813618
gaussian_rbf,0.1,15,Welsch,0.002609950544877297
gaussian_rbf,0.1,15,Tukey,0.002553424688628942
gaussian_rbf,0.1,15,Barron,0.0024849641836389535
gaussian_rbf,0.1,16,Lf_dual,0.005145425445593002
gaussian_rbf,0.1,16,OLS,0.6638358445711023
gaussian_rbf,0.1,16,Huber,0.004974589268397582
gaussian_rbf,0.1,16,Cauchy,0.005645521704070441
gaussian_rbf,0.1,16,GM,0.005931548512833294
gaussian_rbf,0.1,16,Welsch,0.006498444769604208
gaussian_rbf,0.1,16,Tukey,0.0064613289144606805
gaussian_rbf,0.1,16,Barron,0.005932247112842082
gaussian_rbf,0.1,17,Lf_dual,0.00467657673441695
gaussian_rbf,0.1,17,OLS,0.13366317669878533
gaussian_rbf,0.1,17,Huber,0.003749122166184219
gaussian_rbf,0.1,17,Cauchy,0.004092775531888928
gaussian_rbf,0.1,17,GM,0.003939131281506059
gaussian_rbf,0.1,17,Welsch,0.0033483752487884866
gaussian_rbf,0.1,17,Tukey,0.0038902561742040595
gaussian_rbf,0.1,17,Barron,0.003872242840365033
gaussian_rbf,0.1,18,Lf_dual,0.0026992073026490503
gaussian_rbf,0.1,18,OLS,0.4673618320943196
gaussian_rbf,0.1,18,Huber,0.00960736420747617
gaussian_rbf,0.1,18,Cauchy,0.0014968955439939834
gaussian_rbf,0.1,18,GM,0.001207359673207069
gaussian_rbf,0.1,18,Welsch,0.001173869401318482
gaussian_rbf,0.1,18,Tukey,0.0011807552173933955
gaussian_rbf,0.1,18,Barron,0.0017445309839698988
gaussian_rbf,0.1,19,Lf_dual,0.002584726839032281
gaussian_rbf,0.1,19,OLS,0.13918246201173073
gaussian_rbf,0.1,19,Huber,0.0016634887896982934
gaussian_rbf,0.1,19,Cauchy,0.0016771005228193106
gaussian_rbf,0.1,19,GM,0.0014442312836213372
gaussian_rbf,0.1,19,Welsch,0.001819196044837319
gaussian_rbf,0.1,19,Tukey,0.0013804912966791964
gaussian_rbf,0.1,19,Barron,0.001551726922101512
gaussian_rbf,0.2,0,Lf_dual,0.003703504575887414
gaussian_rbf,0.2,0,OLS,0.45234370263767343
gaussian_rbf,0.2,0,Huber,0.027546642946737337
gaussian_rbf,0.2,0,Cauchy,0.0038672480867284094
gaussian_rbf,0.2,0,GM,0.004345356973082419
gaussian_rbf,0.2,0,Welsch,0.007724133921817746
gaussian_rbf,0.2,0,Tukey,0.006079356256612517
gaussian_rbf,0.2,0,Barron,0.005273729624858038
gaussian_rbf,0.2,1,Lf_dual,0.0037003506029618057
gaussian_rbf,0.2,1,OLS,0.0617012941497626
gaussian_rbf,0.2,1,Huber,0.006074581367647115
gaussian_rbf,0.2,1,Cauchy,0.003121785918590246
gaussian_rbf,0.2,1,GM,0.003112562184639919
gaussian_rbf,0.2,1,Welsch,0.0030527052409766845
gaussian_rbf,0.2,1,Tukey,0.0030686229217478382
gaussian_rbf,0.2,1,Barron,0.0030249457844173933
gaussian_rbf,0.2,2,Lf_dual,0.001450891985873152
gaussian_rbf,0.2,2,OLS,0.09010621422506922
gaussian_rbf,0.2,2,Huber,0.0034185595038723777
gaussian_rbf,0.2,2,Cauchy,0.002742273294466241
gaussian_rbf,0.2,2,GM,0.0030587296596793472
gaussian_rbf,0.2,2,Welsch,0.003961575429594977
gaussian_rbf,0.2,2,Tukey,0.0035624856305928863
gaussian_rbf,0.2,2,Barron,0.0032711449635068656
gaussian_rbf,0.2,3,Lf_dual,0.007236662594477962
gaussian_rbf,0.2,3,OLS,0.4229540230822027
gaussian_rbf,0.2,3,Huber,0.009219682458292057
gaussian_rbf,0.2,3,Cauchy,0.0021087062497867548
gaussian_rbf,0.2,3,GM,0.0023584827032315588
gaussian_rbf,0.2,3,Welsch,0.0022693041229625947
gaussian_rbf,0.2,3,Tukey,0.002148784649643285
gaussian_rbf,0.2,3,Barron,0.0017527464408107
gaussian_rbf,0.2,4,Lf_dual,0.0017410074824219248
gaussian_rbf,0.2,4,OLS,0.5087474732231035
gaussian_rbf,0.2,4,Huber,0.008242956965998156
gaussian_rbf,0.2,4,Cauchy,0.002254084277034817
gaussian_rbf,0.2,4,GM,0.0018211799680712462
gaussian_rbf,0.2,4,Welsch,0.0018260386260141193
gaussian_rbf,0.2,4,Tukey,0.00195446148945906
gaussian_rbf,0.2,4,Barron,0.0029278086184932333
gaussian_rbf,0.2,5,Lf_dual,0.0020274788561008275
gaussian_rbf,0.2,5,OLS,0.08043654461425646
gaussian_rbf,0.2,5,Huber,0.0013444583090099157
gaussian_rbf,0.2,5,Cauchy,0.0018912040132548062
gaussian_rbf,0.2,5,GM,0.0020989009978837625
gaussian_rbf,0.2,5,Welsch,0.0017535078514414814
gaussian_rbf,0.2,5,Tukey,0.0020974957825823774
gaussian_rbf,0.2,5,Barron,0.0018382027506730946
gaussian_rbf,0.2,6,Lf_dual,0.002129548953913075
gaussian_rbf,0.2,6,OLS,0.012679891172484706
gaussian_rbf,0.2,6,Huber,0.003646633610390355
gaussian_rbf,0.2,6,Cauchy,0.001672918044175214
gaussian_rbf,0.2,6,GM,0.0019149981298547784
gaussian_rbf,0.2,6,Welsch,0.002248922934561794
gaussian_rbf,0.2,6,Tukey,0.0020233210433426552
gaussian_rbf,0.2,6,Barron,0.0018605060488029773
gaussian_rbf,0.2,7,Lf_dual,0.005419153265190639
gaussian_rbf,0.2,7,OLS,0.2644683584756214
gaussian_rbf,0.2,7,Huber,0.0009715927678531988
gaussian_rbf,0.2,7,Cauchy,0.002467497316523165
gaussian_rbf,0.2,7,GM,0.002076880807475844
gaussian_rbf,0.2,7,Welsch,0.001840969235380351
gaussian_rbf,0.2,7,Tukey,0.0019333644036699635
gaussian_rbf,0.2,7,Barron,0.0017783085391056266
gaussian_rbf,0.2,8,Lf_dual,0.004624710307495622
gaussian_rbf,0.2,8,OLS,0.790910365632254
gaussian_rbf,0.2,8,Huber,0.0031727270844526694
gaussian_rbf,0.2,8,Cauchy,0.005143686590179183
gaussian_rbf,0.2,8,GM,0.005381104043284517
gaussian_rbf,0.2,8,Welsch,0.005762537447943991
gaussian_rbf,0.2,8,Tukey,0.005391539481714649
gaussian_rbf,0.2,8,Barron,0.005678147042554569
gaussian_rbf,0.2,9,Lf_dual,0.002673827831736628
gaussian_rbf,0.2,9,OLS,0.018892378070255303
gaussian_rbf,0.2,9,Huber,0.003121558590404777
gaussian_rbf,0.2,9,Cauchy,0.0025890161052311528
gaussian_rbf,0.2,9,GM,0.0026698105689303736
gaussian_rbf,0.2,9,Welsch,0.002461414013085662
gaussian_rbf,0.2,9,Tukey,0.002510312433070879
gaussian_rbf,0.2,9,Barron,0.002505627270973765
gaussian_rbf,0.2,10,Lf_dual,0.004405067580295091
gaussian_rbf,0.2,10,OLS,0.9051683247508038
gaussian_rbf,0.2,10,Huber,0.04914232557374373
gaussian_rbf,0.2,10,Cauchy,0.007678047161098526
gaussian_rbf,0.2,10,GM,0.006746194040899583
gaussian_rbf,0.2,10,Welsch,0.002373844753517805
gaussian_rbf,0.2,10,Tukey,0.007113457463047584
gaussian_rbf,0.2,10,Barron,0.009472260010218869
gaussian_rbf,0.2,11,Lf_dual,0.005253512944838175
gaussian_rbf,0.2,11,OLS,0.02786824947782939
gaussian_rbf,0.2,11,Huber,0.0038956073967239945
gaussian_rbf,0.2,11,Cauchy,0.0014470550404649823
gaussian_rbf,0.2,11,GM,0.0017587337441830643
gaussian_rbf,0.2,11,Welsch,0.0025191645028223406
gaussian_rbf,0.2,11,Tukey,0.002227222984286982
gaussian_rbf,0.2,11,Barron,0.001958770979118817
gaussian_rbf,0.2,12,Lf_dual,0.003935037931204929
gaussian_rbf,0.2,12,OLS,0.13618581827972273
gaussian_rbf,0.2,12,Huber,0.002336275657396488
gaussian_rbf,0.2,12,Cauchy,0.002540452937623155
gaussian_rbf,0.2,12,GM,0.003546930156140127
gaussian_rbf,0.2,12,Welsch,0.0031571711407140037
gaussian_rbf,0.2,12,Tukey,0.0036202328268596195
gaussian_rbf,0.2,12,Barron,0.002424616872302928
gaussian_rbf,0.2,13,Lf_dual,0.0019404960910645518
gaussian_rbf,0.2,13,OLS,0.09101187379239768
gaussian_rbf,0.2,13,Huber,0.006500736356793711
gaussian_rbf,0.2,13,Cauchy,0.0013034071741294183
gaussian_rbf,0.2,13,GM,0.0010909290907517148
gaussian_rbf,0.2,13,Welsch,0.0008538287616527393
gaussian_rbf,0.2,13,Tukey,0.0009212370089538803
gaussian_rbf,0.2,13,Barron,0.0012507968051895762
gaussian_rbf,0.2,14,Lf_dual,0.0012254454318000882
gaussian_rbf,0.2,14,OLS,0.2684380142115796
gaussian_rbf,0.2,14,Huber,0.0064372521618109805
gaussian_rbf,0.2,14,Cauchy,0.002487754314393682
gaussian_rbf,0.2,14,GM,0.0027537073311460526
gaussian_rbf,0.2,14,Welsch,0.0020699401393471486
gaussian_rbf,0.2,14,Tukey,0.0029548411635098
gaussian_rbf,0.2,14,Barron,0.0022054144248309414
gaussian_rbf,0.2,15,Lf_dual,0.0021647542325982025
gaussian_rbf,0.2,15,OLS,0.7958448265238425
gaussian_rbf,0.2,15,Huber,0.7328984005021771
gaussian_rbf,0.2,15,Cauchy,0.019685315789433142
gaussian_rbf,0.2,15,GM,0.00857691758823252
gaussian_rbf,0.2,15,Welsch,0.06035907150314612
gaussian_rbf,0.2,15,Tukey,0.015319262166253126
gaussian_rbf,0.2,15,Barron,0.04065226663907872
gaussian_rbf,0.2,16,Lf_dual,0.005365411822537696
gaussian_rbf,0.2,16,OLS,0.03212688536144904
gaussian_rbf,0.2,16,Huber,0.004932832013027887
gaussian_rbf,0.2,16,Cauchy,0.004860311460217819
gaussian_rbf,0.2,16,GM,0.004884705784862292
gaussian_rbf,0.2,16,Welsch,0.004955262525225501
gaussian_rbf,0.2,16,Tukey,0.004923619823686587
gaussian_rbf,0.2,16,Barron,0.004845758832407297
gaussian_rbf,0.2,17,Lf_dual,0.002302701430946583
gaussian_rbf,0.2,17,OLS,0.10430241624849544
gaussian_rbf,0.2,17,Huber,0.006410890831246894
gaussian_rbf,0.2,17,Cauchy,0.0021398256042058023
gaussian_rbf,0.2,17,GM,0.0018502808378889435
gaussian_rbf,0.2,17,Welsch,0.0013250151608007116
gaussian_rbf,0.2,17,Tukey,0.0021129768486793893
gaussian_rbf,0.2,17,Barron,0.0014882792087640507
gaussian_rbf,0.2,18,Lf_dual,0.003496598342619323
gaussian_rbf,0.2,18,OLS,0.12555776025610196
gaussian_rbf,0.2,18,Huber,0.006711192073238988
gaussian_rbf,0.2,18,Cauchy,0.0017911671847461003
gaussian_rbf,0.2,18,GM,0.0013465429177000273
gaussian_rbf,0.2,18,Welsch,0.0011706105035246418
gaussian_rbf,0.2,18,Tukey,0.001201572415394947
gaussian_rbf,0.2,18,Barron,0.0016883672182747365
gaussian_rbf,0.2,19,Lf_dual,0.002440792928480362
gaussian_rbf,0.2,19,OLS,0.1735210479528531
gaussian_rbf,0.2,19,Huber,0.002309512150049998
gaussian_rbf,0.2,19,Cauchy,0.0024541177606823444
gaussian_rbf,0.2,19,GM,0.0023550838935482007
gaussian_rbf,0.2,19,Welsch,0.0021345955579493772
gaussian_rbf,0.2,19,Tukey,0.002073834645750823
gaussian_rbf,0.2,19,Barron,0.0022566922157748544
gaussian_rbf,0.3,0,Lf_dual,0.002445452105606881
gaussian_rbf,0.3,0,OLS,0.3606750718973617
gaussian_rbf,0.3,0,Huber,0.03901314774824236
gaussian_rbf,0.3,0,Cauchy,0.005805565135482087
gaussian_rbf,0.3,0,GM,0.0051649384800294155
gaussian_rbf,0.3,0,Welsch,0.00852819611116555
gaussian_rbf,0.3,0,Tukey,0.006640337806288428
gaussian_rbf,0.3,0,Barron,0.009118010333631098
gaussian_rbf,0.3,1,Lf_dual,0.0009561463705158143
gaussian_rbf,0.3,1,OLS,0.1921215719671219
gaussian_rbf,0.3,1,Huber,0.002717721372436591
gaussian_rbf,0.3,1,Cauchy,0.002780776189570824
gaussian_rbf,0.3,1,GM,0.002877665656515267
gaussian_rbf,0.3,1,Welsch,0.0038057926624435264
gaussian_rbf,0.3,1,Tukey,0.0033583815491569965
gaussian_rbf,0.3,1,Barron,0.0029220006223301914
gaussian_rbf,0.3,2,Lf_dual,0.002183162281843761
gaussian_rbf,0.3,2,OLS,0.4007856257305853
gaussian_rbf,0.3,2,Huber,0.019862189262847368
gaussian_rbf,0.3,2,Cauchy,0.0005138798231476238
gaussian_rbf,0.3,2,GM,0.0014628116430629404
gaussian_rbf,0.3,2,Welsch,0.0009599829503136393
gaussian_rbf,0.3,2,Tukey,0.002095073061973707
gaussian_rbf,0.3,2,Barron,0.0004043936219005689
gaussian_rbf,0.3,3,Lf_dual,0.0072664260504180095
gaussian_rbf,0.3,3,OLS,0.32090604338719475
gaussian_rbf,0.3,3,Huber,0.0825322399139357
gaussian_rbf,0.3,3,Cauchy,0.008147039530453544
gaussian_rbf,0.3,3,GM,0.004322369332711942
gaussian_rbf,0.3,3,Welsch,0.013891738342791251
gaussian_rbf,0.3,3,Tukey,0.007152467099859994
gaussian_rbf,0.3,3,Barron,0.015692432041370215
gaussian_rbf,0.3,4,Lf_dual,0.011879954021076175
gaussian_rbf,0.3,4,OLS,0.47152809101176957
gaussian_rbf,0.3,4,Huber,0.008826484563993773
gaussian_rbf,0.3,4,Cauchy,0.004355092899244798
gaussian_rbf,0.3,4,GM,0.004914251254115372
gaussian_rbf,0.3,4,Welsch,0.00435278760453817
gaussian_rbf,0.3,4,Tukey,0.004831457629698224
gaussian_rbf,0.3,4,Barron,0.0038410477196568335
gaussian_rbf,0.3,5,Lf_dual,0.002557899309315611
gaussian_rbf,0.3,5,OLS,0.024711401346016203
gaussian_rbf,0.3,5,Huber,0.001756121867673437
gaussian_rbf,0.3,5,Cauchy,0.002435838516381233
gaussian_rbf,0.3,5,GM,0.0025315900027332422
gaussian_rbf,0.3,5,Welsch,0.0017088207350764307
gaussian_rbf,0.3,5,Tukey,0.001961615872130732
gaussian_rbf,0.3,5,Barron,0.002071419142279971
gaussian_rbf,0.3,6,Lf_dual,0.0009086899876385701
gaussian_rbf,0.3,6,OLS,0.1313978172871399
gaussian_rbf,0.3,6,Huber,0.001314705883297322
gaussian_rbf,0.3,6,Cauchy,0.0011490687188593744
gaussian_rbf,0.3,6,GM,0.001568067423054773
gaussian_rbf,0.3,6,Welsch,0.002567915758841484
gaussian_rbf,0.3,6,Tukey,0.0020831833799576866
gaussian_rbf,0.3,6,Barron,0.0016790235999674889
gaussian_rbf,0.3,7,Lf_dual,0.005210254359024381
gaussian_rbf,0.3,7,OLS,0.0789278627472709
gaussian_rbf,0.3,7,Huber,0.0027959421382902677
gaussian_rbf,0.3,7,Cauchy,0.002804531795286359
gaussian_rbf,0.3,7,GM,0.0027639771830979174
gaussian_rbf,0.3,7,Welsch,0.002983072890111873
gaussian_rbf,0.3,7,Tukey,0.0024965184598342758
gaussian_rbf,0.3,7,Barron,0.002653113015190705
gaussian_rbf,0.3,8,Lf_dual,0.004224348218552817
gaussian_rbf,0.3,8,OLS,0.914082453316391
gaussian_rbf,0.3,8,Huber,0.1400552683187407
gaussian_rbf,0.3,8,Cauchy,0.015084963617402133
gaussian_rbf,0.3,8,GM,0.0310712225044123
gaussian_rbf,0.3,8,Welsch,0.05922842114730551
gaussian_rbf,0.3,8,Tukey,0.04099536493335548
gaussian_rbf,0.3,8,Barron,0.017775192542536792
gaussian_rbf,0.3,9,Lf_dual,0.0050952149477157755
gaussian_rbf,0.3,9,OLS,0.498402365948904
gaussian_rbf,0.3,9,Huber,0.022287552725208132
gaussian_rbf,0.3,9,Cauchy,0.0037890458570478494
gaussian_rbf,0.3,9,GM,0.004026326826493298
gaussian_rbf,0.3,9,Welsch,0.003600165318584828
gaussian_rbf,0.3,9,Tukey,0.003991571536641043
gaussian_rbf,0.3,9,Barron,0.0035739251739803197
gaussian_rbf,0.3,10,Lf_dual,0.004510124470619941
gaussian_rbf,0.3,10,OLS,0.33845003799901796
gaussian_rbf,0.3,10,Huber,0.029701610447629125
gaussian_rbf,0.3,10,Cauchy,0.005311583663386713
gaussian_rbf,0.3,10,GM,0.0064320706783858135
gaussian_rbf,0.3,10,Welsch,0.010392926729263821
gaussian_rbf,0.3,10,Tukey,0.009883925143892773
gaussian_rbf,0.3,10,Barron,0.007072836724359009
gaussian_rbf,0.3,11,Lf_dual,0.0032979578561441888
gaussian_rbf,0.3,11,OLS,0.08646005953602971
gaussian_rbf,0.3,11,Huber,0.013327197704853487
gaussian_rbf,0.3,11,Cauchy,0.0023068802273541913
gaussian_rbf,0.3,11,GM,0.002247626979897693
gaussian_rbf,0.3,11,Welsch,0.0025367335059313634
gaussian_rbf,0.3,11,Tukey,0.002525443363988811
gaussian_rbf,0.3,11,Barron,0.0030471566648265307
gaussian_rbf,0.3,12,Lf_dual,0.0039260908471818335
gaussian_rbf,0.3,12,OLS,0.04239332002862646
gaussian_rbf,0.3,12,Huber,0.0032456034955111704
gaussian_rbf,0.3,12,Cauchy,0.004075584911161821
gaussian_rbf,0.3,12,GM,0.004812494090462585
gaussian_rbf,0.3,12,Welsch,0.005870902305868601
gaussian_rbf,0.3,12,Tukey,0.005575907369180567
gaussian_rbf,0.3,12,Barron,0.004640423665355466
gaussian_rbf,0.3,13,Lf_dual,0.0008810360180769764
gaussian_rbf,0.3,13,OLS,0.06590005697867823
gaussian_rbf,0.3,13,Huber,0.0035608177978295216
gaussian_rbf,0.3,13,Cauchy,0.0009152456330789855
gaussian_rbf,0.3,13,GM,0.0009362304613532707
gaussian_rbf,0.3,13,Welsch,0.0007825926397001647
gaussian_rbf,0.3,13,Tukey,0.0008634277813717709
gaussian_rbf,0.3,13,Barron,0.000909792502661007
gaussian_rbf,0.3,14,Lf_dual,0.004736558689850615
gaussian_rbf,0.3,14,OLS,0.33752784714997164
gaussian_rbf,0.3,14,Huber,0.025544706482004496
gaussian_rbf,0.3,14,Cauchy,0.004110058435946782
gaussian_rbf,0.3,14,GM,0.003991951401143487
gaussian_rbf,0.3,14,Welsch,0.007344418485914438
gaussian_rbf,0.3,14,Tukey,0.005827443824828346
gaussian_rbf,0.3,14,Barron,0.005459584812132114
gaussian_rbf,0.3,15,Lf_dual,0.0015327359777688211
gaussian_rbf,0.3,15,OLS,0.6379220609252639
gaussian_rbf,0.3,15,Huber,0.8824611325531266
gaussian_rbf,0.3,15,Cauchy,0.02602959968004814
gaussian_rbf,0.3,15,GM,0.007468644313137595
gaussian_rbf,0.3,15,Welsch,0.03222758628847614
gaussian_rbf,0.3,15,Tukey,0.012980854499714842
gaussian_rbf,0.3,15,Barron,1.0187086714823936
gaussian_rbf,0.3,16,Lf_dual,0.00400137406746333
gaussian_rbf,0.3,16,OLS,0.0208852952631207
gaussian_rbf,0.3,16,Huber,0.0037021389725447385
gaussian_rbf,0.3,16,Cauchy,0.0034616858885873156
gaussian_rbf,0.3,16,GM,0.00347332868736038
gaussian_rbf,0.3,16,Welsch,0.0038036492742276697
gaussian_rbf,0.3,16,Tukey,0.0036849150147506824
gaussian_rbf,0.3,16,Barron,0.003584126591901445
gaussian_rbf,0.3,17,Lf_dual,0.0061064900964362566
gaussian_rbf,0.3,17,OLS,0.181973937236442
gaussian_rbf,0.3,17,Huber,0.0160759181458311
gaussian_rbf,0.3,17,Cauchy,0.0016488882880581791
gaussian_rbf,0.3,17,GM,0.001162638142794414
gaussian_rbf,0.3,17,Welsch,0.0051784796259913895
gaussian_rbf,0.3,17,Tukey,0.001623217093587005
gaussian_rbf,0.3,17,Barron,0.0013147194475170599
gaussian_rbf,0.3,18,Lf_dual,0.0024101999223206834
gaussian_rbf,0.3,18,OLS,0.1051125204923097
gaussian_rbf,0.3,18,Huber,0.011929494599173487
gaussian_rbf,0.3,18,Cauchy,0.0031900641502138295
gaussian_rbf,0.3,18,GM,0.0025575995039934054
gaussian_rbf,0.3,18,Welsch,0.002202912432815703
gaussian_rbf,0.3,18,Tukey,0.002287018076849688
gaussian_rbf,0.3,18,Barron,0.0030561496898486255
gaussian_rbf,0.3,19,Lf_dual,0.0028905459318131523
gaussian_rbf,0.3,19,OLS,0.6355283390020641
gaussian_rbf,0.3,19,Huber,0.014169468325128198
gaussian_rbf,0.3,19,Cauchy,0.0014022333563641872
gaussian_rbf,0.3,19,GM,0.0016386514665576385
gaussian_rbf,0.3,19,Welsch,0.0015148350797329466
gaussian_rbf,0.3,19,Tukey,0.001640235843959941
gaussian_rbf,0.3,19,Barron,0.0013941223404077628
