Model,Outlier_Frac,Trial,Method,Rel_Error
exp_decay,0.1,0,Lf_dual,0.0045826105669397035
exp_decay,0.1,0,OLS,0.02874350095916877
exp_decay,0.1,0,Huber,0.004986383783818913
exp_decay,0.1,0,Cauchy,0.002968622312368435
exp_decay,0.1,0,GM,0.0028319964670757403
exp_decay,0.1,0,Welsch,0.003582313714197172
exp_decay,0.1,0,Tukey,0.0032107796158524905
exp_decay,0.1,0,Barron,0.0033107150036571554
exp_decay,0.1,1,Lf_dual,0.004555561684806822
exp_decay,0.1,1,OLS,0.031493089763879684
exp_decay,0.1,1,Huber,0.007745276333058514
exp_decay,0.1,1,Cauchy,0.006421535277493079
exp_decay,0.1,1,GM,0.00592351035511486
exp_decay,0.1,1,Welsch,0.005246569350105893
exp_decay,0.1,1,Tukey,0.005640483948098545
exp_decay,0.1,1,Barron,0.006255868499686223
exp_decay,0.1,2,Lf_dual,0.00859561903735371
exp_decay,0.1,2,OLS,0.11459171313074464
exp_decay,0.1,2,Huber,0.009571657246251693
exp_decay,0.1,2,Cauchy,0.006202400013216325
exp_decay,0.1,2,GM,0.005550251999644639
exp_decay,0.1,2,Welsch,0.0051111893878197775
exp_decay,0.1,2,Tukey,0.004965903636695899
exp_decay,0.1,2,Barron,0.005840717035943043
exp_decay,0.1,3,Lf_dual,0.00927812446778886
exp_decay,0.1,3,OLS,0.034494421709964786
exp_decay,0.1,3,Huber,0.0039049445205902485
exp_decay,0.1,3,Cauchy,0.00678542989871594
exp_decay,0.1,3,GM,0.007431798182599017
exp_decay,0.1,3,Welsch,0.0036521995313834365
exp_decay,0.1,3,Tukey,0.005220123911371498
exp_decay,0.1,3,Barron,0.005437089110910864
exp_decay,0.1,4,Lf_dual,0.003289715822783179
exp_decay,0.1,4,OLS,0.07721363816682345
exp_decay,0.1,4,Huber,0.0019391271822281101
exp_decay,0.1,4,Cauchy,0.0010796712506563483
exp_decay,0.1,4,GM,0.001115755548857462
exp_decay,0.1,4,Welsch,0.0008335963179907758
exp_decay,0.1,4,Tukey,0.0008637329111658061
exp_decay,0.1,4,Barron,0.0008966450103568503
exp_decay,0.1,5,Lf_dual,0.00722084035229229
exp_decay,0.1,5,OLS,0.04203739253098085
exp_decay,0.1,5,Huber,0.0024617272506147767
exp_decay,0.1,5,Cauchy,0.0028116704518170916
exp_decay,0.1,5,GM,0.0023037615986916792
exp_decay,0.1,5,Welsch,0.0022401360785297636
exp_decay,0.1,5,Tukey,0.0022204178750792384
exp_decay,0.1,5,Barron,0.0023737860393563195
exp_decay,0.1,6,Lf_dual,0.01472944883996066
exp_decay,0.1,6,OLS,0.13163666079540584
exp_decay,0.1,6,Huber,0.013957890242682573
exp_decay,0.1,6,Cauchy,0.009696746083637096
exp_decay,0.1,6,GM,0.009802624720675893
exp_decay,0.1,6,Welsch,0.00799929214341368
exp_decay,0.1,6,Tukey,0.00857639547980842
exp_decay,0.1,6,Barron,0.009464868404096037
exp_decay,0.1,7,Lf_dual,0.0025394220263774713
exp_decay,0.1,7,OLS,0.13691617020900437
exp_decay,0.1,7,Huber,0.007151574659534959
exp_decay,0.1,7,Cauchy,0.0038798016548784705
exp_decay,0.1,7,GM,0.0037535390674551077
exp_decay,0.1,7,Welsch,0.003270612536724187
exp_decay,0.1,7,Tukey,0.0036134379494054247
exp_decay,0.1,7,Barron,0.0039007534724721533
exp_decay,0.1,8,Lf_dual,0.002956739389649345
exp_decay,0.1,8,OLS,0.021561004002316288
exp_decay,0.1,8,Huber,0.009280569067461998
exp_decay,0.1,8,Cauchy,0.007829672671281665
exp_decay,0.1,8,GM,0.008115449636524465
exp_decay,0.1,8,Welsch,0.0074262809943046945
exp_decay,0.1,8,Tukey,0.007833453801380442
exp_decay,0.1,8,Barron,0.007870411962336246
exp_decay,0.1,9,Lf_dual,0.006180458926856388
exp_decay,0.1,9,OLS,0.013043751535809757
exp_decay,0.1,9,Huber,0.010006812087693643
exp_decay,0.1,9,Cauchy,0.007787608534211555
exp_decay,0.1,9,GM,0.007790278283144492
exp_decay,0.1,9,Welsch,0.007367303825690765
exp_decay,0.1,9,Tukey,0.007663252811565564
exp_decay,0.1,9,Barron,0.008091778272095469
exp_decay,0.1,10,Lf_dual,0.006899006218660459
exp_decay,0.1,10,OLS,0.05374113905378387
exp_decay,0.1,10,Huber,0.00368429821941679
exp_decay,0.1,10,Cauchy,0.002761423419289037
exp_decay,0.1,10,GM,0.0027370866727713526
exp_decay,0.1,10,Welsch,0.003839853033865284
exp_decay,0.1,10,Tukey,0.003446319178752522
exp_decay,0.1,10,Barron,0.0028218081177967076
exp_decay,0.1,11,Lf_dual,0.006977009470207087
exp_decay,0.1,11,OLS,0.04474021681018419
exp_decay,0.1,11,Huber,0.005162413668324948
exp_decay,0.1,11,Cauchy,0.004367168486079104
exp_decay,0.1,11,GM,0.004707216216131064
exp_decay,0.1,11,Welsch,0.006615414106394737
exp_decay,0.1,11,Tukey,0.0055730711421712095
exp_decay,0.1,11,Barron,0.005318466683978155
exp_decay,0.1,12,Lf_dual,0.0032937287860951444
exp_decay,0.1,12,OLS,0.13698367980839624
exp_decay,0.1,12,Huber,0.011765412090964376
exp_decay,0.1,12,Cauchy,0.0030367986704594166
exp_decay,0.1,12,GM,0.2652423553590809
exp_decay,0.1,12,Welsch,0.0015120626860066707
exp_decay,0.1,12,Tukey,0.26412937452100593
exp_decay,0.1,12,Barron,0.0032263333072165526
exp_decay,0.1,13,Lf_dual,0.006467142610508773
exp_decay,0.1,13,OLS,0.13979840769023547
exp_decay,0.1,13,Huber,0.009886991154492422
exp_decay,0.1,13,Cauchy,0.008638014247805451
exp_decay,0.1,13,GM,0.009946440062855914
exp_decay,0.1,13,Welsch,0.007618948563312586
exp_decay,0.1,13,Tukey,0.010008851467082617
exp_decay,0.1,13,Barron,0.00826847294319905
exp_decay,0.1,14,Lf_dual,0.014980942558450186
exp_decay,0.1,14,OLS,0.0586442674242573
exp_decay,0.1,14,Huber,0.004365740741480361
exp_decay,0.1,14,Cauchy,0.0076956076670844885
exp_decay,0.1,14,GM,0.006436572468716024
exp_decay,0.1,14,Welsch,0.005048014147410852
exp_decay,0.1,14,Tukey,0.005374285378074923
exp_decay,0.1,14,Barron,0.006093745270405932
exp_decay,0.1,15,Lf_dual,0.0032630388550542156
exp_decay,0.1,15,OLS,0.036513614176046226
exp_decay,0.1,15,Huber,0.005223789368007333
exp_decay,0.1,15,Cauchy,0.004414997358494187
exp_decay,0.1,15,GM,0.0043066023738072496
exp_decay,0.1,15,Welsch,0.0041950916232354665
exp_decay,0.1,15,Tukey,0.004237466407646571
exp_decay,0.1,15,Barron,0.004390922862719454
exp_decay,0.1,16,Lf_dual,0.007866484847221971
exp_decay,0.1,16,OLS,0.04942100481484512
exp_decay,0.1,16,Huber,0.0014593517141251358
exp_decay,0.1,16,Cauchy,0.0026070447113646193
exp_decay,0.1,16,GM,0.002044480655138528
exp_decay,0.1,16,Welsch,0.0011322460050800054
exp_decay,0.1,16,Tukey,0.0012864918423707578
exp_decay,0.1,16,Barron,0.0016826167268751307
exp_decay,0.1,17,Lf_dual,0.006092860189474334
exp_decay,0.1,17,OLS,0.3081512101883376
exp_decay,0.1,17,Huber,0.006997896204939765
exp_decay,0.1,17,Cauchy,0.005922897633919382
exp_decay,0.1,17,GM,0.0060766860350729745
exp_decay,0.1,17,Welsch,0.006342328002026229
exp_decay,0.1,17,Tukey,0.006344773371062723
exp_decay,0.1,17,Barron,0.006026193548148643
exp_decay,0.1,18,Lf_dual,0.009328154942345623
exp_decay,0.1,18,OLS,0.037282000395659966
exp_decay,0.1,18,Huber,0.004584366508212784
exp_decay,0.1,18,Cauchy,0.008294448873286871
exp_decay,0.1,18,GM,0.0063641180680589875
exp_decay,0.1,18,Welsch,0.0058263880995880315
exp_decay,0.1,18,Tukey,0.005939762538244717
exp_decay,0.1,18,Barron,0.006561139444587318
exp_decay,0.1,19,Lf_dual,0.011222615423803617
exp_decay,0.1,19,OLS,0.0351282450798498
exp_decay,0.1,19,Huber,0.0020135869994670425
exp_decay,0.1,19,Cauchy,0.001719214152133711
exp_decay,0.1,19,GM,0.0015957592620358492
exp_decay,0.1,19,Welsch,0.0011174747248698668
exp_decay,0.1,19,Tukey,0.0012409735018346886
exp_decay,0.1,19,Barron,0.0015890198751863452
exp_decay,0.2,0,Lf_dual,0.004821306777759752
exp_decay,0.2,0,OLS,0.08679885636304606
exp_decay,0.2,0,Huber,0.006970417645242885
exp_decay,0.2,0,Cauchy,0.004171980698075445
exp_decay,0.2,0,GM,0.0038947225083174803
exp_decay,0.2,0,Welsch,0.0036338488785155687
exp_decay,0.2,0,Tukey,0.003925633538736689
exp_decay,0.2,0,Barron,0.004188768378834631
exp_decay,0.2,1,Lf_dual,0.010564100576895611
exp_decay,0.2,1,OLS,0.07183699311964815
exp_decay,0.2,1,Huber,0.01024592362315947
exp_decay,0.2,1,Cauchy,0.008290716601637434
exp_decay,0.2,1,GM,0.5284581128494527
exp_decay,0.2,1,Welsch,0.006130162686325591
exp_decay,0.2,1,Tukey,0.5243751238067639
exp_decay,0.2,1,Barron,0.007785565231086427
exp_decay,0.2,2,Lf_dual,0.008918860832577438
exp_decay,0.2,2,OLS,0.17999044346083148
exp_decay,0.2,2,Huber,0.010094483498116239
exp_decay,0.2,2,Cauchy,0.0050943242027714
exp_decay,0.2,2,GM,0.004777735653172045
exp_decay,0.2,2,Welsch,0.0056905412928564105
exp_decay,0.2,2,Tukey,0.005444757915780911
exp_decay,0.2,2,Barron,0.005285566669098762
exp_decay,0.2,3,Lf_dual,0.0097044323528161
exp_decay,0.2,3,OLS,0.04233234476317181
exp_decay,0.2,3,Huber,0.009634396144067857
exp_decay,0.2,3,Cauchy,0.00973606944470221
exp_decay,0.2,3,GM,0.008401532250708724
exp_decay,0.2,3,Welsch,0.006875559432358586
exp_decay,0.2,3,Tukey,0.008039001902125979
exp_decay,0.2,3,Barron,0.009125488378255598
exp_decay,0.2,4,Lf_dual,0.0032920504342711355
exp_decay,0.2,4,OLS,0.2096504210507643
exp_decay,0.2,4,Huber,0.0042560780461248565
exp_decay,0.2,4,Cauchy,0.0026385625186659705
exp_decay,0.2,4,GM,1.1085096203518432
exp_decay,0.2,4,Welsch,0.0029243800294736443
exp_decay,0.2,4,Tukey,0.003577397319633427
exp_decay,0.2,4,Barron,0.001927033658310049
exp_decay,0.2,5,Lf_dual,0.007902587070486898
exp_decay,0.2,5,OLS,0.18320737358268244
exp_decay,0.2,5,Huber,0.007820788223476878
exp_decay,0.2,5,Cauchy,0.0030165964860137647
exp_decay,0.2,5,GM,0.00271719260283939
exp_decay,0.2,5,Welsch,0.002533897497503132
exp_decay,0.2,5,Tukey,0.002207688118865709
exp_decay,0.2,5,Barron,0.0028153129517894033
exp_decay,0.2,6,Lf_dual,0.017026127602549544
exp_decay,0.2,6,OLS,0.17070149611305474
exp_decay,0.2,6,Huber,0.014449811173599498
exp_decay,0.2,6,Cauchy,0.016830801806684552
exp_decay,0.2,6,GM,0.015792131725536836
exp_decay,0.2,6,Welsch,0.015977627140229756
exp_decay,0.2,6,Tukey,0.014532970113489347
exp_decay,0.2,6,Barron,0.016657431019843374
exp_decay,0.2,7,Lf_dual,0.002205057339895308
exp_decay,0.2,7,OLS,0.0804667928621143
exp_decay,0.2,7,Huber,0.003693389227571812
exp_decay,0.2,7,Cauchy,0.005335136367247222
exp_decay,0.2,7,GM,0.00578170636543434
exp_decay,0.2,7,Welsch,0.006154080016271537
exp_decay,0.2,7,Tukey,0.00598500520493983
exp_decay,0.2,7,Barron,0.005276716497445908
exp_decay,0.2,8,Lf_dual,0.005278708737441573
exp_decay,0.2,8,OLS,0.2276523900330485
exp_decay,0.2,8,Huber,0.008962685963334435
exp_decay,0.2,8,Cauchy,0.008065531956050856
exp_decay,0.2,8,GM,0.007818121408713598
exp_decay,0.2,8,Welsch,0.008395327598928675
exp_decay,0.2,8,Tukey,0.007607351616360507
exp_decay,0.2,8,Barron,0.007913365816834822
exp_decay,0.2,9,Lf_dual,0.01037124973608642
exp_decay,0.2,9,OLS,0.1509348909798748
exp_decay,0.2,9,Huber,0.011085514195902013
exp_decay,0.2,9,Cauchy,0.007950765296555017
exp_decay,0.2,9,GM,0.8522818706744859
exp_decay,0.2,9,Welsch,0.006501460887982001
exp_decay,0.2,9,Tukey,0.8514102106010802
exp_decay,0.2,9,Barron,0.0074013079678517755
exp_decay,0.2,10,Lf_dual,0.007488822178284206
exp_decay,0.2,10,OLS,0.16402389033391335
exp_decay,0.2,10,Huber,0.008931082531640256
exp_decay,0.2,10,Cauchy,0.0034870412577760884
exp_decay,0.2,10,GM,0.003296833544971286
exp_decay,0.2,10,Welsch,0.0025964798147625596
exp_decay,0.2,10,Tukey,0.003168861691152699
exp_decay,0.2,10,Barron,0.003078027046859022
exp_decay,0.2,11,Lf_dual,0.0024710556967658696
exp_decay,0.2,11,OLS,0.04802599201431293
exp_decay,0.2,11,Huber,0.0043726765193965325
exp_decay,0.2,11,Cauchy,0.004583288977098769
exp_decay,0.2,11,GM,0.005880275939976483
exp_decay,0.2,11,Welsch,0.006959936893999419
exp_decay,0.2,11,Tukey,0.006863548773928476
exp_decay,0.2,11,Barron,0.005427044810208125
exp_decay,0.2,12,Lf_dual,0.014934445085272682
exp_decay,0.2,12,OLS,0.1116098142145133
exp_decay,0.2,12,Huber,0.012046684365245579
exp_decay,0.2,12,Cauchy,0.00573356766781568
exp_decay,0.2,12,GM,0.33675809324037576
exp_decay,0.2,12,Welsch,0.0065062779767394545
exp_decay,0.2,12,Tukey,0.003693893215491269
exp_decay,0.2,12,Barron,0.005955732681684069
exp_decay,0.2,13,Lf_dual,0.008721706106206399
exp_decay,0.2,13,OLS,0.10072708421746629
exp_decay,0.2,13,Huber,0.008706733050952003
exp_decay,0.2,13,Cauchy,0.010832296759913167
exp_decay,0.2,13,GM,0.011081701709005876
exp_decay,0.2,13,Welsch,0.00814383460146752
exp_decay,0.2,13,Tukey,0.009731003520302357
exp_decay,0.2,13,Barron,0.009457644442358415
exp_decay,0.2,14,Lf_dual,0.01561736846513805
exp_decay,0.2,14,OLS,0.1945929811312512
exp_decay,0.2,14,Huber,0.02869588541289773
exp_decay,0.2,14,Cauchy,0.016882842322835552
exp_decay,0.2,14,GM,0.015054769102782308
exp_decay,0.2,14,Welsch,0.016975742569759894
exp_decay,0.2,14,Tukey,0.01472107050481626
exp_decay,0.2,14,Barron,0.01807388322224985
exp_decay,0.2,15,Lf_dual,0.006904353456674884
exp_decay,0.2,15,OLS,0.21442111314423398
exp_decay,0.2,15,Huber,0.013519147670203693
exp_decay,0.2,15,Cauchy,0.0046111420289249245
exp_decay,0.2,15,GM,0.003046158090114609
exp_decay,0.2,15,Welsch,0.002757962846647166
exp_decay,0.2,15,Tukey,0.0026407884369005446
exp_decay,0.2,15,Barron,0.005091424504003976
exp_decay,0.2,16,Lf_dual,0.005877871859640613
exp_decay,0.2,16,OLS,0.1448711773711384
exp_decay,0.2,16,Huber,0.0049424575737706715
exp_decay,0.2,16,Cauchy,0.003262937220796847
exp_decay,0.2,16,GM,0.0027900858439016793
exp_decay,0.2,16,Welsch,0.005064638540588404
exp_decay,0.2,16,Tukey,0.003852656405602438
exp_decay,0.2,16,Barron,0.00307013875488544
exp_decay,0.2,17,Lf_dual,0.006706918015832624
exp_decay,0.2,17,OLS,0.08277976159665953
exp_decay,0.2,17,Huber,0.009111512423106469
exp_decay,0.2,17,Cauchy,0.0053941587974979475
exp_decay,0.2,17,GM,0.495585192272585
exp_decay,0.2,17,Welsch,0.005185730221405893
exp_decay,0.2,17,Tukey,0.2876886793564737
exp_decay,0.2,17,Barron,0.004933972124244747
exp_decay,0.2,18,Lf_dual,0.010956037190936654
exp_decay,0.2,18,OLS,0.0199066768934741
exp_decay,0.2,18,Huber,0.011977084048544584
exp_decay,0.2,18,Cauchy,0.008964710530890213
exp_decay,0.2,18,GM,0.007120498538861349
exp_decay,0.2,18,Welsch,0.0077749701863361505
exp_decay,0.2,18,Tukey,0.006972248659937944
exp_decay,0.2,18,Barron,0.008947861010807263
exp_decay,0.2,19,Lf_dual,0.011221682078157144
exp_decay,0.2,19,OLS,0.07337462371426474
exp_decay,0.2,19,Huber,0.006703322714265236
exp_decay,0.2,19,Cauchy,0.005285396041927779
exp_decay,0.2,19,GM,0.45830047586812417
exp_decay,0.2,19,Welsch,0.005324411230002919
exp_decay,0.2,19,Tukey,0.45997737694496543
exp_decay,0.2,19,Barron,0.005392660892015794
exp_decay,0.3,0,Lf_dual,0.00413283475600301
exp_decay,0.3,0,OLS,0.11557928565542924
exp_decay,0.3,0,Huber,0.0023761382313957757
exp_decay,0.3,0,Cauchy,0.0032594638184503515
exp_decay,0.3,0,GM,0.5389873640079366
exp_decay,0.3,0,Welsch,0.5243315784410798
exp_decay,0.3,0,Tukey,0.534528179337213
exp_decay,0.3,0,Barron,0.0028504362236280376
exp_decay,0.3,1,Lf_dual,0.007941684839270198
exp_decay,0.3,1,OLS,0.12413452545450336
exp_decay,0.3,1,Huber,0.006312167370788413
exp_decay,0.3,1,Cauchy,0.004695048655417532
exp_decay,0.3,1,GM,0.004338265482224989
exp_decay,0.3,1,Welsch,0.005290552872131838
exp_decay,0.3,1,Tukey,0.004224599515968768
exp_decay,0.3,1,Barron,0.004544962665869329
exp_decay,0.3,2,Lf_dual,0.001816927753897217
exp_decay,0.3,2,OLS,0.14975488180645502
exp_decay,0.3,2,Huber,0.012937996096917549
exp_decay,0.3,2,Cauchy,0.004127002480873285
exp_decay,0.3,2,GM,0.0038597854566207604
exp_decay,0.3,2,Welsch,0.004575773308789659
exp_decay,0.3,2,Tukey,0.0034874789063018374
exp_decay,0.3,2,Barron,0.005114452950630781
exp_decay,0.3,3,Lf_dual,0.004964573305366835
exp_decay,0.3,3,OLS,0.07010526879807728
exp_decay,0.3,3,Huber,0.008746591389719649
exp_decay,0.3,3,Cauchy,0.0072089705137678645
exp_decay,0.3,3,GM,0.0055922928040965224
exp_decay,0.3,3,Welsch,0.0059397263012341845
exp_decay,0.3,3,Tukey,0.7563916741149208
exp_decay,0.3,3,Barron,0.006801155881796792
exp_decay,0.3,4,Lf_dual,0.008776588054035543
exp_decay,0.3,4,OLS,0.1949061775370134
exp_decay,0.3,4,Huber,0.006519418951995122
exp_decay,0.3,4,Cauchy,0.0049580057841512835
exp_decay,0.3,4,GM,0.0060018762305608505
exp_decay,0.3,4,Welsch,0.007187707266558654
exp_decay,0.3,4,Tukey,0.005875713568890764
exp_decay,0.3,4,Barron,0.0045192859709363535
exp_decay,0.3,5,Lf_dual,0.014977479131835177
exp_decay,0.3,5,OLS,0.27014908807516635
exp_decay,0.3,5,Huber,0.012754770205066237
exp_decay,0.3,5,Cauchy,0.004595818704672186
exp_decay,0.3,5,GM,0.003669388578942763
exp_decay,0.3,5,Welsch,0.00692696515653567
exp_decay,0.3,5,Tukey,0.00474508639271507
exp_decay,0.3,5,Barron,0.005475049968145238
exp_decay,0.3,6,Lf_dual,0.010276619971124789
exp_decay,0.3,6,OLS,0.31396929533351126
exp_decay,0.3,6,Huber,0.03203041327745992
exp_decay,0.3,6,Cauchy,0.01444944378521221
exp_decay,0.3,6,GM,0.013337818403041102
exp_decay,0.3,6,Welsch,0.018222851616683577
exp_decay,0.3,6,Tukey,0.0141344883888742
exp_decay,0.3,6,Barron,0.016398163060219205
exp_decay,0.3,7,Lf_dual,0.008764228498605739
exp_decay,0.3,7,OLS,0.10943596874137011
exp_decay,0.3,7,Huber,0.008797829689427892
exp_decay,0.3,7,Cauchy,0.00729351579437263
exp_decay,0.3,7,GM,0.3754021024419833
exp_decay,0.3,7,Welsch,0.00815590620496491
exp_decay,0.3,7,Tukey,0.36624660384796304
exp_decay,0.3,7,Barron,0.007601335147538285
exp_decay,0.3,8,Lf_dual,0.0039911050656372985
exp_decay,0.3,8,OLS,0.20048897550519165
exp_decay,0.3,8,Huber,0.003825031664358891
exp_decay,0.3,8,Cauchy,0.009919551041002991
exp_decay,0.3,8,GM,0.01160496421512687
exp_decay,0.3,8,Welsch,0.011997148655702903
exp_decay,0.3,8,Tukey,0.012589079767953657
exp_decay,0.3,8,Barron,0.01000790087610721
exp_decay,0.3,9,Lf_dual,0.009935003710802177
exp_decay,0.3,9,OLS,0.0141527029050906
exp_decay,0.3,9,Huber,0.014930548078123485
exp_decay,0.3,9,Cauchy,0.01240553056534704
exp_decay,0.3,9,GM,0.9126624493523442
exp_decay,0.3,9,Welsch,0.9177735705186136
exp_decay,0.3,9,Tukey,0.9137846820291698
exp_decay,0.3,9,Barron,0.012166843290319626
exp_decay,0.3,10,Lf_dual,0.007217266262730303
exp_decay,0.3,10,OLS,0.19948428571514576
exp_decay,0.3,10,Huber,0.00814752907665045
exp_decay,0.3,10,Cauchy,0.00586114553821553
exp_decay,0.3,10,GM,0.006436373080314641
exp_decay,0.3,10,Welsch,0.008621186891378247
exp_decay,0.3,10,Tukey,0.00735856967765407
exp_decay,0.3,10,Barron,0.00652862899877108
exp_decay,0.3,11,Lf_dual,0.008050379123841028
exp_decay,0.3,11,OLS,0.1886238830511067
exp_decay,0.3,11,Huber,0.004662647869956043
exp_decay,0.3,11,Cauchy,0.006522362978394102
exp_decay,0.3,11,GM,0.008747276723977827
exp_decay,0.3,11,Welsch,0.006052014733859427
exp_decay,0.3,11,Tukey,0.00887270136237218
exp_decay,0.3,11,Barron,0.005345992083535666
exp_decay,0.3,12,Lf_dual,0.014186102507558087
exp_decay,0.3,12,OLS,0.07101952404925078
exp_decay,0.3,12,Huber,0.007739818230609246
exp_decay,0.3,12,Cauchy,0.010623345349002413
exp_decay,0.3,12,GM,0.010230501846469106
exp_decay,0.3,12,Welsch,0.01123489281743354
exp_decay,0.3,12,Tukey,0.01057473471666194
exp_decay,0.3,12,Barron,0.01077265211408991
exp_decay,0.3,13,Lf_dual,0.017762131834533755
exp_decay,0.3,13,OLS,0.1984145693783288
exp_decay,0.3,13,Huber,0.022363266240645094
exp_decay,0.3,13,Cauchy,0.013279342592031337
exp_decay,0.3,13,GM,0.012658569006800903
exp_decay,0.3,13,Welsch,0.013383991047859424
exp_decay,0.3,13,Tukey,0.011937698861041103
exp_decay,0.3,13,Barron,0.012952175621746002
exp_decay,0.3,14,Lf_dual,0.013728186950668065
exp_decay,0.3,14,OLS,0.11887327255170389
exp_decay,0.3,14,Huber,0.009810217100610497
exp_decay,0.3,14,Cauchy,0.013511075052553684
exp_decay,0.3,14,GM,0.013806233654685663
exp_decay,0.3,14,Welsch,0.5794171225708703
exp_decay,0.3,14,Tukey,0.5913420779191183
exp_decay,0.3,14,Barron,0.013342232747087793
exp_decay,0.3,15,Lf_dual,0.007601126620553019
exp_decay,0.3,15,OLS,0.13598576704798743
exp_decay,0.3,15,Huber,0.0068387607587270215
exp_decay,0.3,15,Cauchy,0.000616665635164588
exp_decay,0.3,15,GM,0.5649286512441505
exp_decay,0.3,15,Welsch,0.5443203448114496
exp_decay,0.3,15,Tukey,0.56178500387218
exp_decay,0.3,15,Barron,0.0009141543380932487
exp_decay,0.3,16,Lf_dual,0.008161180141493215
exp_decay,0.3,16,OLS,0.19204871611878369
exp_decay,0.3,16,Huber,0.012831227915818547
exp_decay,0.3,16,Cauchy,0.004012014360781057
exp_decay,0.3,16,GM,0.0029007081289511233
exp_decay,0.3,16,Welsch,0.0028352051623349926
exp_decay,0.3,16,Tukey,0.00210114146046875
exp_decay,0.3,16,Barron,0.004167865555160763
exp_decay,0.3,17,Lf_dual,0.0035009792623316755
exp_decay,0.3,17,OLS,0.10799575925737087
exp_decay,0.3,17,Huber,0.011813445865531007
exp_decay,0.3,17,Cauchy,0.0048101087582620465
exp_decay,0.3,17,GM,0.00474592414293097
exp_decay,0.3,17,Welsch,0.004792463759988862
exp_decay,0.3,17,Tukey,0.0050557138896084345
exp_decay,0.3,17,Barron,0.00512225743576062
exp_decay,0.3,18,Lf_dual,0.006092055006580167
exp_decay,0.3,18,OLS,0.2905534712000878
exp_decay,0.3,18,Huber,0.002092519451421168
exp_decay,0.3,18,Cauchy,0.005575348297639917
exp_decay,0.3,18,GM,0.0045808893296502475
exp_decay,0.3,18,Welsch,0.005808643638707358
exp_decay,0.3,18,Tukey,0.3111037087997389
exp_decay,0.3,18,Barron,0.005239744736529568
exp_decay,0.3,19,Lf_dual,0.013925615829314075
exp_decay,0.3,19,OLS,0.09022183927624056
exp_decay,0.3,19,Huber,0.009628961264582717
exp_decay,0.3,19,Cauchy,0.008763592881745474
exp_decay,0.3,19,GM,0.008113968585016066
exp_decay,0.3,19,Welsch,0.007073433125504482
exp_decay,0.3,19,Tukey,0.007780532610017462
exp_decay,0.3,19,Barron,0.008572775628091917
logistic,0.1,0,Lf_dual,0.00708792372517969
logistic,0.1,0,OLS,0.04608943583846872
logistic,0.1,0,Huber,0.008598200553536621
logistic,0.1,0,Cauchy,0.010306883388209207
logistic,0.1,0,GM,0.009587851665812816
logistic,0.1,0,Welsch,2.030475880452747
logistic,0.1,0,Tukey,2.012312040986522
logistic,0.1,0,Barron,0.009109683652469308
logistic,0.1,1,Lf_dual,0.004668310331550343
logistic,0.1,1,OLS,0.06141067758653287
logistic,0.1,1,Huber,0.006807127807633662
logistic,0.1,1,Cauchy,0.005377492184808237
logistic,0.1,1,GM,0.005213543190842572
logistic,0.1,1,Welsch,0.4641304016745011
logistic,0.1,1,Tukey,0.15609277989618223
logistic,0.1,1,Barron,0.005081557865851614
logistic,0.1,2,Lf_dual,0.004027286077627767
logistic,0.1,2,OLS,0.04591748523054987
logistic,0.1,2,Huber,0.006398257519014988
logistic,0.1,2,Cauchy,0.005639696641382385
logistic,0.1,2,GM,0.26328105482564257
logistic,0.1,2,Welsch,0.4232099735490747
logistic,0.1,2,Tukey,0.15053526363838807
logistic,0.1,2,Barron,0.005264635950120862
logistic,0.1,3,Lf_dual,0.010310185653453277
logistic,0.1,3,OLS,0.16593977627405165
logistic,0.1,3,Huber,0.0015525177761528228
logistic,0.1,3,Cauchy,0.008581832817301594
logistic,0.1,3,GM,0.517756410084621
logistic,0.1,3,Welsch,0.5697946179073591
logistic,0.1,3,Tukey,0.2263752926668294
logistic,0.1,3,Barron,0.006527343165169833
logistic,0.1,4,Lf_dual,0.0031896852493637565
logistic,0.1,4,OLS,0.13116824169330946
logistic,0.1,4,Huber,0.0043825102808236665
logistic,0.1,4,Cauchy,0.009623089136467807
logistic,0.1,4,GM,0.0097754120217038
logistic,0.1,4,Welsch,0.008522580637588196
logistic,0.1,4,Tukey,0.6067383325825108
logistic,0.1,4,Barron,0.008980899907552988
logistic,0.1,5,Lf_dual,0.007671215761900408
logistic,0.1,5,OLS,0.08859302486315875
logistic,0.1,5,Huber,0.004232902811295257
logistic,0.1,5,Cauchy,0.005532096106462034
logistic,0.1,5,GM,0.005357187292375793
logistic,0.1,5,Welsch,0.003686831197364423
logistic,0.1,5,Tukey,0.23633351370168143
logistic,0.1,5,Barron,0.004410808339257566
logistic,0.1,6,Lf_dual,0.010159466373253098
logistic,0.1,6,OLS,0.18225079553080498
logistic,0.1,6,Huber,0.012475606977005215
logistic,0.1,6,Cauchy,0.006113866885797015
logistic,0.1,6,GM,0.006122089854826565
logistic,0.1,6,Welsch,0.005365338516672205
logistic,0.1,6,Tukey,0.16143008508363188
logistic,0.1,6,Barron,0.006209351907357903
logistic,0.1,7,Lf_dual,0.01014307477946545
logistic,0.1,7,OLS,0.10154081926224531
logistic,0.1,7,Huber,0.006324529720135863
logistic,0.1,7,Cauchy,0.004988137057288493
logistic,0.1,7,GM,0.004440160851710806
logistic,0.1,7,Welsch,0.004316791134457304
logistic,0.1,7,Tukey,0.15609277989618223
logistic,0.1,7,Barron,0.004555754303298259
logistic,0.1,8,Lf_dual,0.0051811457852617895
logistic,0.1,8,OLS,0.0805151856943806
logistic,0.1,8,Huber,0.004667472727641843
logistic,0.1,8,Cauchy,0.0088510520854701
logistic,0.1,8,GM,0.0085333054323541
logistic,0.1,8,Welsch,0.00572274288253278
logistic,0.1,8,Tukey,0.15609277989618223
logistic,0.1,8,Barron,0.007553339658212342
logistic,0.1,9,Lf_dual,0.005388855424296254
logistic,0.1,9,OLS,0.10395430594390086
logistic,0.1,9,Huber,0.008486680360800181
logistic,0.1,9,Cauchy,0.005364905154450585
logistic,0.1,9,GM,0.5714694100901258
logistic,0.1,9,Welsch,0.0056959099084250946
logistic,0.1,9,Tukey,0.006381318539466607
logistic,0.1,9,Barron,0.00593040566102049
logistic,0.1,10,Lf_dual,0.004675600021039637
logistic,0.1,10,OLS,0.07499595681058517
logistic,0.1,10,Huber,0.005498679061042658
logistic,0.1,10,Cauchy,0.008534941872623217
logistic,0.1,10,GM,0.4008308477521711
logistic,0.1,10,Welsch,0.42595813085291195
logistic,0.1,10,Tukey,0.15538288730950378
logistic,0.1,10,Barron,0.008098096381581902
logistic,0.1,11,Lf_dual,0.0074234970740602495
logistic,0.1,11,OLS,0.027448925850670925
logistic,0.1,11,Huber,0.009198652460720621
logistic,0.1,11,Cauchy,0.008192554349939998
logistic,0.1,11,GM,0.008070580354468577
logistic,0.1,11,Welsch,0.005717906155333817
logistic,0.1,11,Tukey,0.15609277989618223
logistic,0.1,11,Barron,0.007815315825323119
logistic,0.1,12,Lf_dual,0.003016621749683206
logistic,0.1,12,OLS,0.04036299191168681
logistic,0.1,12,Huber,0.002225390009934872
logistic,0.1,12,Cauchy,0.0018661495724051932
logistic,0.1,12,GM,0.0017925922441742559
logistic,0.1,12,Welsch,0.003435442518212518
logistic,0.1,12,Tukey,0.15609277989618223
logistic,0.1,12,Barron,0.0016199849580156534
logistic,0.1,13,Lf_dual,0.005955945586587904
logistic,0.1,13,OLS,0.0515879849541107
logistic,0.1,13,Huber,0.00379452247263182
logistic,0.1,13,Cauchy,0.004441454193109225
logistic,0.1,13,GM,0.35079040770980147
logistic,0.1,13,Welsch,0.3952343854377174
logistic,0.1,13,Tukey,0.34694192261987367
logistic,0.1,13,Barron,0.004067582090504512
logistic,0.1,14,Lf_dual,0.004784642212552847
logistic,0.1,14,OLS,0.10180103289534477
logistic,0.1,14,Huber,0.0024982798665193705
logistic,0.1,14,Cauchy,0.006800504986330508
logistic,0.1,14,GM,0.8657710789282955
logistic,0.1,14,Welsch,0.5674101682295276
logistic,0.1,14,Tukey,0.6310904900685563
logistic,0.1,14,Barron,0.005759188205503881
logistic,0.1,15,Lf_dual,0.009280335086439823
logistic,0.1,15,OLS,0.03091130090656985
logistic,0.1,15,Huber,0.008401359446690088
logistic,0.1,15,Cauchy,0.007869936881554266
logistic,0.1,15,GM,0.2884137822905932
logistic,0.1,15,Welsch,0.005671452779588817
logistic,0.1,15,Tukey,0.28119777620384206
logistic,0.1,15,Barron,0.007277073516397025
logistic,0.1,16,Lf_dual,0.010715814801599242
logistic,0.1,16,OLS,0.027982927713318766
logistic,0.1,16,Huber,0.00451538307805542
logistic,0.1,16,Cauchy,0.00635158894216693
logistic,0.1,16,GM,0.004947933751154282
logistic,0.1,16,Welsch,0.0025453057779883516
logistic,0.1,16,Tukey,0.0034021420077852025
logistic,0.1,16,Barron,0.00468998320159103
logistic,0.1,17,Lf_dual,0.002155666717425475
logistic,0.1,17,OLS,0.15323770954716878
logistic,0.1,17,Huber,0.002677395673516893
logistic,0.1,17,Cauchy,0.003201311031153427
logistic,0.1,17,GM,0.004216521716113593
logistic,0.1,17,Welsch,0.003973555135720714
logistic,0.1,17,Tukey,0.15609277989618223
logistic,0.1,17,Barron,0.003416183917348357
logistic,0.1,18,Lf_dual,0.014245462358540083
logistic,0.1,18,OLS,0.028963419806004465
logistic,0.1,18,Huber,0.0032081306436195023
logistic,0.1,18,Cauchy,0.006816857279428277
logistic,0.1,18,GM,0.006052903682965285
logistic,0.1,18,Welsch,0.6167621037795847
logistic,0.1,18,Tukey,0.5756993067180128
logistic,0.1,18,Barron,0.005563782189308238
logistic,0.1,19,Lf_dual,0.0242662061689835
logistic,0.1,19,OLS,0.06620495882553241
logistic,0.1,19,Huber,0.007893824974359922
logistic,0.1,19,Cauchy,0.010365835151426573
logistic,0.1,19,GM,0.009217025720207706
logistic,0.1,19,Welsch,0.0056899032098447246
logistic,0.1,19,Tukey,0.15609277989618223
logistic,0.1,19,Barron,0.008036853401579839
logistic,0.2,0,Lf_dual,0.02488478605799652
logistic,0.2,0,OLS,0.1786795895377759
logistic,0.2,0,Huber,0.017304451487691507
logistic,0.2,0,Cauchy,0.013575901095380528
logistic,0.2,0,GM,0.4461786168155906
logistic,0.2,0,Welsch,0.012373863100892604
logistic,0.2,0,Tukey,1.239943254272719
logistic,0.2,0,Barron,0.013104621585651987
logistic,0.2,1,Lf_dual,0.011414680673260225
logistic,0.2,1,OLS,0.07436633492040422
logistic,0.2,1,Huber,0.008114281134094363
logistic,0.2,1,Cauchy,0.004782262420319992
logistic,0.2,1,GM,0.24795372026982768
logistic,0.2,1,Welsch,0.2548174695320363
logistic,0.2,1,Tukey,0.14993229920407988
logistic,0.2,1,Barron,0.004027989145306825
logistic,0.2,2,Lf_dual,0.016244645074948074
logistic,0.2,2,OLS,0.04965836046171754
logistic,0.2,2,Huber,0.010348242134675662
logistic,0.2,2,Cauchy,0.015142526304873396
logistic,0.2,2,GM,0.4635587278780694
logistic,0.2,2,Welsch,0.48902642139692865
logistic,0.2,2,Tukey,0.1642849212183642
logistic,0.2,2,Barron,0.01450688969893499
logistic,0.2,3,Lf_dual,0.01305617157496499
logistic,0.2,3,OLS,0.05148498819491578
logistic,0.2,3,Huber,0.014714650723330315
logistic,0.2,3,Cauchy,0.014490574671218491
logistic,0.2,3,GM,0.2820959632879836
logistic,0.2,3,Welsch,0.3068754410275264
logistic,0.2,3,Tukey,0.2808022392944474
logistic,0.2,3,Barron,0.014761863757459446
logistic,0.2,4,Lf_dual,0.0029654536798797964
logistic,0.2,4,OLS,0.1187032149700271
logistic,0.2,4,Huber,0.00338504436691957
logistic,0.2,4,Cauchy,0.004067965195033789
logistic,0.2,4,GM,0.004198866054739248
logistic,0.2,4,Welsch,0.001300023612559397
logistic,0.2,4,Tukey,0.40897298242329483
logistic,0.2,4,Barron,0.0030975651353569752
logistic,0.2,5,Lf_dual,0.005763831881322466
logistic,0.2,5,OLS,0.32773959501267175
logistic,0.2,5,Huber,0.007092383896501939
logistic,0.2,5,Cauchy,0.0041879550193408815
logistic,0.2,5,GM,0.004026279899566906
logistic,0.2,5,Welsch,0.003561263108338002
logistic,0.2,5,Tukey,0.0036430344265496344
logistic,0.2,5,Barron,0.003986240832672587
logistic,0.2,6,Lf_dual,0.007862559521374997
logistic,0.2,6,OLS,0.17314010188625667
logistic,0.2,6,Huber,0.006835015555325182
logistic,0.2,6,Cauchy,0.009049992467926182
logistic,0.2,6,GM,3.4621702985889633
logistic,0.2,6,Welsch,7.338830724628994
logistic,0.2,6,Tukey,0.37471308132660747
logistic,0.2,6,Barron,0.00923286455812593
logistic,0.2,7,Lf_dual,0.01153858976653171
logistic,0.2,7,OLS,0.08391034748551653
logistic,0.2,7,Huber,0.003772565954543406
logistic,0.2,7,Cauchy,0.007631305420815487
logistic,0.2,7,GM,0.3418286421154785
logistic,0.2,7,Welsch,0.6929471209347838
logistic,0.2,7,Tukey,0.1550029395401837
logistic,0.2,7,Barron,0.006775517798215545
logistic,0.2,8,Lf_dual,0.028026237419444117
logistic,0.2,8,OLS,0.1728521884302371
logistic,0.2,8,Huber,0.019106422466256146
logistic,0.2,8,Cauchy,0.016641483658464552
logistic,0.2,8,GM,0.7234497435621139
logistic,0.2,8,Welsch,0.7106831428243722
logistic,0.2,8,Tukey,9.334420106121831
logistic,0.2,8,Barron,0.01477546773371277
logistic,0.2,9,Lf_dual,0.005395131673134277
logistic,0.2,9,OLS,0.09550665827247039
logistic,0.2,9,Huber,0.007990618228994684
logistic,0.2,9,Cauchy,0.005409145540696867
logistic,0.2,9,GM,0.307585065483392
logistic,0.2,9,Welsch,0.29171646935421075
logistic,0.2,9,Tukey,0.30676765435063535
logistic,0.2,9,Barron,0.00537975117313821
logistic,0.2,10,Lf_dual,0.005791691993059776
logistic,0.2,10,OLS,0.06612136866630179
logistic,0.2,10,Huber,0.00395730439919362
logistic,0.2,10,Cauchy,0.005894489632411704
logistic,0.2,10,GM,0.006262135382682438
logistic,0.2,10,Welsch,0.717279593441384
logistic,0.2,10,Tukey,0.6723425789440836
logistic,0.2,10,Barron,0.005113901486604422
logistic,0.2,11,Lf_dual,0.007812066361227466
logistic,0.2,11,OLS,0.05929111887026239
logistic,0.2,11,Huber,0.007364215849434376
logistic,0.2,11,Cauchy,0.001940277822183176
logistic,0.2,11,GM,0.3463614480648914
logistic,0.2,11,Welsch,0.585505085794453
logistic,0.2,11,Tukey,0.34550222801637864
logistic,0.2,11,Barron,0.002690192750571931
logistic,0.2,12,Lf_dual,0.010807832324920408
logistic,0.2,12,OLS,0.18202639703144338
logistic,0.2,12,Huber,0.0061927983216080685
logistic,0.2,12,Cauchy,0.008433906007298455
logistic,0.2,12,GM,0.4693833534684785
logistic,0.2,12,Welsch,0.008827201017050946
logistic,0.2,12,Tukey,0.49466603574092854
logistic,0.2,12,Barron,0.009186761577775504
logistic,0.2,13,Lf_dual,0.00571423747086474
logistic,0.2,13,OLS,0.11926146834491252
logistic,0.2,13,Huber,0.004246374375849076
logistic,0.2,13,Cauchy,0.005159847917360018
logistic,0.2,13,GM,0.6373067710712162
logistic,0.2,13,Welsch,0.6871908356034304
logistic,0.2,13,Tukey,0.637287094165081
logistic,0.2,13,Barron,0.0047321887442514175
logistic,0.2,14,Lf_dual,0.01162699621984787
logistic,0.2,14,OLS,0.17078710809402567
logistic,0.2,14,Huber,0.020833747884296067
logistic,0.2,14,Cauchy,0.012261088138949838
logistic,0.2,14,GM,0.5089579631853671
logistic,0.2,14,Welsch,0.009376897878624028
logistic,0.2,14,Tukey,0.6732135212892406
logistic,0.2,14,Barron,0.011977726307256202
logistic,0.2,15,Lf_dual,0.011060136041939764
logistic,0.2,15,OLS,0.15152585649200725
logistic,0.2,15,Huber,0.013750380600525148
logistic,0.2,15,Cauchy,0.009778036065364863
logistic,0.2,15,GM,0.5792053514908951
logistic,0.2,15,Welsch,0.8315416707281553
logistic,0.2,15,Tukey,0.4985251065636043
logistic,0.2,15,Barron,0.009181424690395285
logistic,0.2,16,Lf_dual,0.005240956611180134
logistic,0.2,16,OLS,0.0503181187017214
logistic,0.2,16,Huber,0.002459367969613474
logistic,0.2,16,Cauchy,0.0020146918639953712
logistic,0.2,16,GM,0.3473178971728038
logistic,0.2,16,Welsch,0.3617826337515812
logistic,0.2,16,Tukey,0.3542522006650013
logistic,0.2,16,Barron,0.001947932202913261
logistic,0.2,17,Lf_dual,0.005097742883750147
logistic,0.2,17,OLS,0.051937966211402044
logistic,0.2,17,Huber,0.006531937733026779
logistic,0.2,17,Cauchy,0.0030859455395347304
logistic,0.2,17,GM,0.18928925393278442
logistic,0.2,17,Welsch,0.0027107558994553037
logistic,0.2,17,Tukey,0.18637284370856116
logistic,0.2,17,Barron,0.0028270997130841594
logistic,0.2,18,Lf_dual,0.01223684602419106
logistic,0.2,18,OLS,0.10001758501692713
logistic,0.2,18,Huber,0.00902028921278558
logistic,0.2,18,Cauchy,0.0060678172160393146
logistic,0.2,18,GM,0.3306881206034239
logistic,0.2,18,Welsch,0.004715331758673671
logistic,0.2,18,Tukey,0.2433305639062715
logistic,0.2,18,Barron,0.005916836874766815
logistic,0.2,19,Lf_dual,0.0270764475193946
logistic,0.2,19,OLS,0.02973343617102032
logistic,0.2,19,Huber,0.01010654157357027
logistic,0.2,19,Cauchy,0.014001694945793595
logistic,0.2,19,GM,0.377491582559599
logistic,0.2,19,Welsch,0.41405356817315847
logistic,0.2,19,Tukey,0.38085665232268523
logistic,0.2,19,Barron,0.011454202828582267
logistic,0.3,0,Lf_dual,0.01834109475646634
logistic,0.3,0,OLS,0.07491060018066348
logistic,0.3,0,Huber,0.008660096697396272
logistic,0.3,0,Cauchy,0.008704759658132711
logistic,0.3,0,GM,0.4083455666546954
logistic,0.3,0,Welsch,0.43244681964947024
logistic,0.3,0,Tukey,0.4113985282052937
logistic,0.3,0,Barron,0.008279618734297115
logistic,0.3,1,Lf_dual,0.008383296039797462
logistic,0.3,1,OLS,0.13670911554892962
logistic,0.3,1,Huber,0.0042355015034667085
logistic,0.3,1,Cauchy,0.0055524776658713235
logistic,0.3,1,GM,0.6349733959243711
logistic,0.3,1,Welsch,0.6550171526330568
logistic,0.3,1,Tukey,0.32679741047809613
logistic,0.3,1,Barron,0.0052761769664751495
logistic,0.3,2,Lf_dual,0.009716646208302003
logistic,0.3,2,OLS,0.11606493205761347
logistic,0.3,2,Huber,0.023339660381685404
logistic,0.3,2,Cauchy,0.00959239955134583
logistic,0.3,2,GM,0.7273320994598167
logistic,0.3,2,Welsch,0.021797002294503577
logistic,0.3,2,Tukey,0.7614833651521938
logistic,0.3,2,Barron,0.012608200631987216
logistic,0.3,3,Lf_dual,0.022577662726579947
logistic,0.3,3,OLS,0.08502578516830442
logistic,0.3,3,Huber,0.01786629085748708
logistic,0.3,3,Cauchy,0.01552077961224969
logistic,0.3,3,GM,0.558182207938117
logistic,0.3,3,Welsch,0.015967548825920413
logistic,0.3,3,Tukey,0.49343837086020487
logistic,0.3,3,Barron,0.014900082081376817
logistic,0.3,4,Lf_dual,0.003103882170583923
logistic,0.3,4,OLS,0.07676181239969444
logistic,0.3,4,Huber,0.003932988254565913
logistic,0.3,4,Cauchy,0.0010004539868836498
logistic,0.3,4,GM,0.487032948694951
logistic,0.3,4,Welsch,0.5046644884321861
logistic,0.3,4,Tukey,0.49235054639154524
logistic,0.3,4,Barron,0.0007202877907697133
logistic,0.3,5,Lf_dual,0.008753371977063655
logistic,0.3,5,OLS,0.12620994835037125
logistic,0.3,5,Huber,0.012903110436137729
logistic,0.3,5,Cauchy,0.006414620194690594
logistic,0.3,5,GM,0.37118686349102764
logistic,0.3,5,Welsch,0.005911966393682945
logistic,0.3,5,Tukey,0.005592610742355845
logistic,0.3,5,Barron,0.007308516723140294
logistic,0.3,6,Lf_dual,0.007648353396614436
logistic,0.3,6,OLS,0.28060569923192735
logistic,0.3,6,Huber,0.02160310780475051
logistic,0.3,6,Cauchy,0.007566403518002253
logistic,0.3,6,GM,0.5619159304278033
logistic,0.3,6,Welsch,0.0070687405276399695
logistic,0.3,6,Tukey,0.9983868859034192
logistic,0.3,6,Barron,0.008591456368322793
logistic,0.3,7,Lf_dual,0.011362634619693576
logistic,0.3,7,OLS,0.057145021653889266
logistic,0.3,7,Huber,0.009504468277617271
logistic,0.3,7,Cauchy,0.00730724146999424
logistic,0.3,7,GM,0.268814096846133
logistic,0.3,7,Welsch,0.008256293642760626
logistic,0.3,7,Tukey,0.2674345951761995
logistic,0.3,7,Barron,0.007931982331475193
logistic,0.3,8,Lf_dual,0.005529955570707328
logistic,0.3,8,OLS,0.3550800432201426
logistic,0.3,8,Huber,0.017216739478136085
logistic,0.3,8,Cauchy,0.006076472925246031
logistic,0.3,8,GM,0.005208144059104151
logistic,0.3,8,Welsch,0.006047290334157213
logistic,0.3,8,Tukey,0.5697683700899351
logistic,0.3,8,Barron,0.00655819618474479
logistic,0.3,9,Lf_dual,0.007480373875839601
logistic,0.3,9,OLS,0.18336263623132718
logistic,0.3,9,Huber,0.007965168796103012
logistic,0.3,9,Cauchy,0.005229533463169456
logistic,0.3,9,GM,0.2588482755904093
logistic,0.3,9,Welsch,0.006914875671525409
logistic,0.3,9,Tukey,0.26533897629365555
logistic,0.3,9,Barron,0.00557109366242558
logistic,0.3,10,Lf_dual,0.0050832076813934176
logistic,0.3,10,OLS,0.3709331439572031
logistic,0.3,10,Huber,0.008514135602668263
logistic,0.3,10,Cauchy,0.010051560581280426
logistic,0.3,10,GM,0.9076490018442206
logistic,0.3,10,Welsch,2.2158893990967963
logistic,0.3,10,Tukey,0.9389631400554237
logistic,0.3,10,Barron,0.010021398810952696
logistic,0.3,11,Lf_dual,0.005046529056447842
logistic,0.3,11,OLS,0.07713396239147347
logistic,0.3,11,Huber,0.008251332380948828
logistic,0.3,11,Cauchy,0.0011217843609993988
logistic,0.3,11,GM,0.4213962364670797
logistic,0.3,11,Welsch,0.0025645577672091485
logistic,0.3,11,Tukey,0.42338828458352423
logistic,0.3,11,Barron,0.0015736406899277665
logistic,0.3,12,Lf_dual,0.013731860225590493
logistic,0.3,12,OLS,0.3032264710725089
logistic,0.3,12,Huber,0.013841065974769518
logistic,0.3,12,Cauchy,0.002155819039673209
logistic,0.3,12,GM,0.0021458321778503584
logistic,0.3,12,Welsch,0.0027768164492338408
logistic,0.3,12,Tukey,0.0024081323116401827
logistic,0.3,12,Barron,0.0029071039396875047
logistic,0.3,13,Lf_dual,0.014919789435850478
logistic,0.3,13,OLS,0.25566636180504443
logistic,0.3,13,Huber,0.030448256325223872
logistic,0.3,13,Cauchy,0.009484135364414717
logistic,0.3,13,GM,0.007571825733371499
logistic,0.3,13,Welsch,0.015199773280879928
logistic,0.3,13,Tukey,0.007846353461090506
logistic,0.3,13,Barron,0.012794021325908273
logistic,0.3,14,Lf_dual,0.007654663707527771
logistic,0.3,14,OLS,0.051693720896834314
logistic,0.3,14,Huber,0.002384793855599948
logistic,0.3,14,Cauchy,0.007460021288449706
logistic,0.3,14,GM,1.7935863134260208
logistic,0.3,14,Welsch,0.0076961699276100175
logistic,0.3,14,Tukey,0.008047817399462375
logistic,0.3,14,Barron,0.006902600953055573
logistic,0.3,15,Lf_dual,0.009372289417325092
logistic,0.3,15,OLS,0.05244858547107923
logistic,0.3,15,Huber,0.00834244895505862
logistic,0.3,15,Cauchy,0.0036978994552609463
logistic,0.3,15,GM,0.002438517241355217
logistic,0.3,15,Welsch,0.003488141834978729
logistic,0.3,15,Tukey,0.0024523534582595002
logistic,0.3,15,Barron,0.004416952618265375
logistic,0.3,16,Lf_dual,0.007264702456853311
logistic,0.3,16,OLS,0.18887627595657364
logistic,0.3,16,Huber,0.009046738023655508
logistic,0.3,16,Cauchy,0.0023079213155489647
logistic,0.3,16,GM,0.46055808465880244
logistic,0.3,16,Welsch,0.6672937986830664
logistic,0.3,16,Tukey,0.9165570163903348
logistic,0.3,16,Barron,0.0024600748167140462
logistic,0.3,17,Lf_dual,0.00694743191283226
logistic,0.3,17,OLS,0.041050962874096424
logistic,0.3,17,Huber,0.006422379822820866
logistic,0.3,17,Cauchy,0.0018099354860273784
logistic,0.3,17,GM,0.6627227175492036
logistic,0.3,17,Welsch,1.2808403027943318
logistic,0.3,17,Tukey,0.44995791809565244
logistic,0.3,17,Barron,0.0021864471365842775
logistic,0.3,18,Lf_dual,0.003958108065032725
logistic,0.3,18,OLS,0.05125986519581379
logistic,0.3,18,Huber,0.006843155339773959
logistic,0.3,18,Cauchy,0.0038576717691014466
logistic,0.3,18,GM,0.293254579123981
logistic,0.3,18,Welsch,0.3141155915761009
logistic,0.3,18,Tukey,0.002113195884818767
logistic,0.3,18,Barron,0.0037984045555775163
logistic,0.3,19,Lf_dual,0.0122029157846987
logistic,0.3,19,OLS,0.07935252309735939
logistic,0.3,19,Huber,0.011662500526003448
logistic,0.3,19,Cauchy,0.009657156617409627
logistic,0.3,19,GM,0.4809663652066905
logistic,0.3,19,Welsch,0.5335064992492097
logistic,0.3,19,Tukey,0.4961885741898323
logistic,0.3,19,Barron,0.008385007249689352
biexponential,0.1,0,Lf_dual,0.3316157495818005
biexponential,0.1,0,OLS,45.75046073039294
biexponential,0.1,0,Huber,0.567230220951517
biexponential,0.1,0,Cauchy,0.5382252535949661
biexponential,0.1,0,GM,0.5117426566271402
biexponential,0.1,0,Welsch,0.45138475513426446
biexponential,0.1,0,Tukey,0.4735769680952956
biexponential,0.1,0,Barron,0.5130112778886434
biexponential,0.1,1,Lf_dual,0.022375318512486822
biexponential,0.1,1,OLS,0.16084208820597698
biexponential,0.1,1,Huber,0.15601768136496114
biexponential,0.1,1,Cauchy,0.09168918027951604
biexponential,0.1,1,GM,0.10820982334888515
biexponential,0.1,1,Welsch,0.03191912003155711
biexponential,0.1,1,Tukey,0.10336004976984617
biexponential,0.1,1,Barron,0.08852673345962424
biexponential,0.1,2,Lf_dual,0.10039673394135658
biexponential,0.1,2,OLS,0.8062981611244873
biexponential,0.1,2,Huber,0.1416287324951696
biexponential,0.1,2,Cauchy,0.18604000070081234
biexponential,0.1,2,GM,0.15583864416260662
biexponential,0.1,2,Welsch,0.09540572012403031
biexponential,0.1,2,Tukey,0.10696213572327642
biexponential,0.1,2,Barron,0.1436353745782891
biexponential,0.1,3,Lf_dual,0.01943822204899385
biexponential,0.1,3,OLS,354.2373138504774
biexponential,0.1,3,Huber,0.02668501612477761
biexponential,0.1,3,Cauchy,0.4606659517900025
biexponential,0.1,3,GM,0.19167913265047615
biexponential,0.1,3,Welsch,0.04335504420157244
biexponential,0.1,3,Tukey,0.09094643295573346
biexponential,0.1,3,Barron,0.23851868583195837
biexponential,0.1,4,Lf_dual,0.06578255282872858
biexponential,0.1,4,OLS,6.238501815135194
biexponential,0.1,4,Huber,0.15608529527730505
biexponential,0.1,4,Cauchy,0.23110751023566856
biexponential,0.1,4,GM,0.26985425636984395
biexponential,0.1,4,Welsch,0.20498653064476974
biexponential,0.1,4,Tukey,0.22613069059227997
biexponential,0.1,4,Barron,0.2312571018028786
biexponential,0.1,5,Lf_dual,0.0274326222846509
biexponential,0.1,5,OLS,1.129303578847786
biexponential,0.1,5,Huber,0.044169065184965474
biexponential,0.1,5,Cauchy,0.07841108933910987
biexponential,0.1,5,GM,0.011414056919799185
biexponential,0.1,5,Welsch,0.024184023510450948
biexponential,0.1,5,Tukey,0.03969192737827524
biexponential,0.1,5,Barron,0.04695690890851056
biexponential,0.1,6,Lf_dual,0.06685028045705178
biexponential,0.1,6,OLS,0.4991368119868445
biexponential,0.1,6,Huber,0.02445741216936754
biexponential,0.1,6,Cauchy,0.14445171744846025
biexponential,0.1,6,GM,0.15051385594106012
biexponential,0.1,6,Welsch,0.08872044946220811
biexponential,0.1,6,Tukey,0.12687510129438567
biexponential,0.1,6,Barron,0.12554408108669582
biexponential,0.1,7,Lf_dual,0.37649829186122724
biexponential,0.1,7,OLS,0.5971110967267896
biexponential,0.1,7,Huber,0.16085478936016437
biexponential,0.1,7,Cauchy,0.16397931857814327
biexponential,0.1,7,GM,0.14624028708520015
biexponential,0.1,7,Welsch,0.13955612397701156
biexponential,0.1,7,Tukey,0.14334809848575744
biexponential,0.1,7,Barron,0.14304931707459712
biexponential,0.1,8,Lf_dual,0.03524640859319038
biexponential,0.1,8,OLS,0.5258428563371609
biexponential,0.1,8,Huber,0.21026816721607178
biexponential,0.1,8,Cauchy,18.239396372550832
biexponential,0.1,8,GM,0.5887939194965771
biexponential,0.1,8,Welsch,0.4801014226193856
biexponential,0.1,8,Tukey,0.6781825328470544
biexponential,0.1,8,Barron,2.025509556788205
biexponential,0.1,9,Lf_dual,0.15497325612735596
biexponential,0.1,9,OLS,0.7378840551743813
biexponential,0.1,9,Huber,0.1761233416754623
biexponential,0.1,9,Cauchy,0.17344530624486318
biexponential,0.1,9,GM,0.19587790368304578
biexponential,0.1,9,Welsch,0.6833233075287873
biexponential,0.1,9,Tukey,0.26103224514363765
biexponential,0.1,9,Barron,0.19489993247430643
biexponential,0.1,10,Lf_dual,0.09686483516810535
biexponential,0.1,10,OLS,144.57640777088992
biexponential,0.1,10,Huber,0.1143724283557769
biexponential,0.1,10,Cauchy,0.10909577447842125
biexponential,0.1,10,GM,0.12772252271694026
biexponential,0.1,10,Welsch,0.09582889071099385
biexponential,0.1,10,Tukey,0.09705817796685356
biexponential,0.1,10,Barron,0.09614909352256773
biexponential,0.1,11,Lf_dual,0.15856759743286913
biexponential,0.1,11,OLS,2.2963643603100135
biexponential,0.1,11,Huber,0.1450831397174702
biexponential,0.1,11,Cauchy,0.40117833143862347
biexponential,0.1,11,GM,0.31209836523626855
biexponential,0.1,11,Welsch,0.05226299373771442
biexponential,0.1,11,Tukey,0.1196490273808026
biexponential,0.1,11,Barron,0.20285642711307877
biexponential,0.1,12,Lf_dual,0.09431538764210445
biexponential,0.1,12,OLS,0.6765797488913896
biexponential,0.1,12,Huber,0.24955036747608114
biexponential,0.1,12,Cauchy,0.02825578186388392
biexponential,0.1,12,GM,0.0431894559602876
biexponential,0.1,12,Welsch,0.14291234230226635
biexponential,0.1,12,Tukey,0.11219659145594629
biexponential,0.1,12,Barron,0.06651316651239517
biexponential,0.1,13,Lf_dual,0.05152107375908838
biexponential,0.1,13,OLS,0.20731293020365393
biexponential,0.1,13,Huber,0.09339246809334442
biexponential,0.1,13,Cauchy,0.24553026582672977
biexponential,0.1,13,GM,0.257022685042373
biexponential,0.1,13,Welsch,0.143672954189509
biexponential,0.1,13,Tukey,0.2266027547196695
biexponential,0.1,13,Barron,0.19184828131576942
biexponential,0.1,14,Lf_dual,0.04952839333999359
biexponential,0.1,14,OLS,134.29099653208888
biexponential,0.1,14,Huber,0.019590709348391844
biexponential,0.1,14,Cauchy,0.10640478569460442
biexponential,0.1,14,GM,0.128074221592185
biexponential,0.1,14,Welsch,0.03345903351455043
biexponential,0.1,14,Tukey,0.08639218009848519
biexponential,0.1,14,Barron,0.0836288427313381
biexponential,0.1,15,Lf_dual,0.08216260157603454
biexponential,0.1,15,OLS,12.336937172657658
biexponential,0.1,15,Huber,12.266488705041043
biexponential,0.1,15,Cauchy,0.5082514574667203
biexponential,0.1,15,GM,0.22970423229834414
biexponential,0.1,15,Welsch,0.3767547216264891
biexponential,0.1,15,Tukey,0.33506024801786477
biexponential,0.1,15,Barron,0.7173739478736074
biexponential,0.1,16,Lf_dual,0.11875272196635679
biexponential,0.1,16,OLS,124.25527042095982
biexponential,0.1,16,Huber,0.18465753099706964
biexponential,0.1,16,Cauchy,0.310198884049731
biexponential,0.1,16,GM,0.2591617923821535
biexponential,0.1,16,Welsch,0.17721498557631737
biexponential,0.1,16,Tukey,0.19940210882209228
biexponential,0.1,16,Barron,0.24702776613859678
biexponential,0.1,17,Lf_dual,0.1980023600346797
biexponential,0.1,17,OLS,2.056560818305654
biexponential,0.1,17,Huber,0.09551454890914417
biexponential,0.1,17,Cauchy,86.1566641973338
biexponential,0.1,17,GM,0.5103604526075394
biexponential,0.1,17,Welsch,1.6975545021577279
biexponential,0.1,17,Tukey,1.4309629190340905
biexponential,0.1,17,Barron,4.261606104389111
biexponential,0.1,18,Lf_dual,0.12685449246207683
biexponential,0.1,18,OLS,0.4563111017656858
biexponential,0.1,18,Huber,0.15695575871883552
biexponential,0.1,18,Cauchy,83.63480547544292
biexponential,0.1,18,GM,1.0999544083515205
biexponential,0.1,18,Welsch,1.1057122383306457
biexponential,0.1,18,Tukey,2.0302399992529963
biexponential,0.1,18,Barron,3.0897875622891062
biexponential,0.1,19,Lf_dual,0.15464963377138274
biexponential,0.1,19,OLS,2.821918092667141
biexponential,0.1,19,Huber,0.37017689161486556
biexponential,0.1,19,Cauchy,3.5996732891334147
biexponential,0.1,19,GM,0.49524403028475467
biexponential,0.1,19,Welsch,0.2512233783722723
biexponential,0.1,19,Tukey,0.2670375198037169
biexponential,0.1,19,Barron,0.7499967994968691
biexponential,0.2,0,Lf_dual,0.5554315221985513
biexponential,0.2,0,OLS,0.6514526078732056
biexponential,0.2,0,Huber,0.6593179101964391
biexponential,0.2,0,Cauchy,0.6001506170603005
biexponential,0.2,0,GM,0.5868768352488617
biexponential,0.2,0,Welsch,0.5873649343768576
biexponential,0.2,0,Tukey,0.5802227131058549
biexponential,0.2,0,Barron,27.255402590415294
biexponential,0.2,1,Lf_dual,0.07800139028668912
biexponential,0.2,1,OLS,56.74491715022162
biexponential,0.2,1,Huber,0.23205184140216986
biexponential,0.2,1,Cauchy,0.047720547729764466
biexponential,0.2,1,GM,0.045186549217793325
biexponential,0.2,1,Welsch,0.020980847149560007
biexponential,0.2,1,Tukey,0.04590582923607815
biexponential,0.2,1,Barron,0.04016266074325551
biexponential,0.2,2,Lf_dual,0.27049869348559274
biexponential,0.2,2,OLS,1444.7380643965407
biexponential,0.2,2,Huber,0.16521041767570852
biexponential,0.2,2,Cauchy,0.5180581818601618
biexponential,0.2,2,GM,0.5082695893002327
biexponential,0.2,2,Welsch,0.4555085937021373
biexponential,0.2,2,Tukey,0.46334093155614076
biexponential,0.2,2,Barron,0.4703510279878879
biexponential,0.2,3,Lf_dual,0.3799757539672522
biexponential,0.2,3,OLS,0.7528946297025886
biexponential,0.2,3,Huber,0.6727459911053413
biexponential,0.2,3,Cauchy,0.732373096789597
biexponential,0.2,3,GM,0.7571660778144814
biexponential,0.2,3,Welsch,0.7344946587284813
biexponential,0.2,3,Tukey,0.7082858460153748
biexponential,0.2,3,Barron,0.746247701339787
biexponential,0.2,4,Lf_dual,0.13026080058417905
biexponential,0.2,4,OLS,7.3162803282409055
biexponential,0.2,4,Huber,0.16653147451628292
biexponential,0.2,4,Cauchy,0.043658624427078935
biexponential,0.2,4,GM,0.021331054671647705
biexponential,0.2,4,Welsch,0.06055498425103214
biexponential,0.2,4,Tukey,0.03681998190084684
biexponential,0.2,4,Barron,0.05268339830754002
biexponential,0.2,5,Lf_dual,0.0735106810564006
biexponential,0.2,5,OLS,1.0603591430279034
biexponential,0.2,5,Huber,0.026952355289781765
biexponential,0.2,5,Cauchy,0.04321444642759072
biexponential,0.2,5,GM,0.04303232673740823
biexponential,0.2,5,Welsch,0.08868606840787117
biexponential,0.2,5,Tukey,0.056943923255946875
biexponential,0.2,5,Barron,0.06114556621605814
biexponential,0.2,6,Lf_dual,0.09738794050963168
biexponential,0.2,6,OLS,0.500337125400251
biexponential,0.2,6,Huber,0.13179902055444664
biexponential,0.2,6,Cauchy,0.178456650982918
biexponential,0.2,6,GM,0.1315527399478115
biexponential,0.2,6,Welsch,0.11862932210343245
biexponential,0.2,6,Tukey,0.19764774935100898
biexponential,0.2,6,Barron,37.570112068881635
biexponential,0.2,7,Lf_dual,0.037524587862107966
biexponential,0.2,7,OLS,1.4652982191101365
biexponential,0.2,7,Huber,0.053324912014145985
biexponential,0.2,7,Cauchy,0.09422167759199582
biexponential,0.2,7,GM,0.07436537551282352
biexponential,0.2,7,Welsch,0.060073659919923576
biexponential,0.2,7,Tukey,0.0616290309890437
biexponential,0.2,7,Barron,0.06639503657595748
biexponential,0.2,8,Lf_dual,0.3890883847716031
biexponential,0.2,8,OLS,1276.7955771873933
biexponential,0.2,8,Huber,186.37267412178957
biexponential,0.2,8,Cauchy,259.0396244070637
biexponential,0.2,8,GM,3.1908256513100337
biexponential,0.2,8,Welsch,0.36453022588274236
biexponential,0.2,8,Tukey,2.0908207538557564
biexponential,0.2,8,Barron,14.924863763626549
biexponential,0.2,9,Lf_dual,0.12617123600477245
biexponential,0.2,9,OLS,14.312426144168889
biexponential,0.2,9,Huber,48.72535716140976
biexponential,0.2,9,Cauchy,115.59705854869269
biexponential,0.2,9,GM,2.002283259548796
biexponential,0.2,9,Welsch,0.6296358513537264
biexponential,0.2,9,Tukey,0.9927189502360216
biexponential,0.2,9,Barron,27.7431808082365
biexponential,0.2,10,Lf_dual,0.10537352184072106
biexponential,0.2,10,OLS,1.3082988365268622
biexponential,0.2,10,Huber,0.6447842090596796
biexponential,0.2,10,Cauchy,0.047897854312729866
biexponential,0.2,10,GM,0.02433131343169711
biexponential,0.2,10,Welsch,0.10546228533743067
biexponential,0.2,10,Tukey,0.033951292236962895
biexponential,0.2,10,Barron,0.06909151031201062
biexponential,0.2,11,Lf_dual,0.14564280415870232
biexponential,0.2,11,OLS,79.67383478519952
biexponential,0.2,11,Huber,0.479264100553202
biexponential,0.2,11,Cauchy,0.18079973499571705
biexponential,0.2,11,GM,0.12877642029617775
biexponential,0.2,11,Welsch,0.2415696733428436
biexponential,0.2,11,Tukey,0.16454612303930471
biexponential,0.2,11,Barron,0.2506865179515898
biexponential,0.2,12,Lf_dual,0.28713408580523136
biexponential,0.2,12,OLS,707.5992486605528
biexponential,0.2,12,Huber,4.0081072765686665
biexponential,0.2,12,Cauchy,0.41813294224508346
biexponential,0.2,12,GM,0.3791930160919215
biexponential,0.2,12,Welsch,0.5250641062617901
biexponential,0.2,12,Tukey,0.45541220132526183
biexponential,0.2,12,Barron,0.5344361645688208
biexponential,0.2,13,Lf_dual,0.13955049666639197
biexponential,0.2,13,OLS,60.4115886279903
biexponential,0.2,13,Huber,0.17092931729007046
biexponential,0.2,13,Cauchy,0.31333516214442236
biexponential,0.2,13,GM,0.3307801546034905
biexponential,0.2,13,Welsch,0.20306780084881168
biexponential,0.2,13,Tukey,0.27569332829198984
biexponential,0.2,13,Barron,0.26363762284890696
biexponential,0.2,14,Lf_dual,0.10055389187906454
biexponential,0.2,14,OLS,0.3235004827187674
biexponential,0.2,14,Huber,0.17329745593916854
biexponential,0.2,14,Cauchy,0.06672619519104278
biexponential,0.2,14,GM,0.07241911045105486
biexponential,0.2,14,Welsch,0.10858098802476641
biexponential,0.2,14,Tukey,0.07736431806499706
biexponential,0.2,14,Barron,0.04713651486311949
biexponential,0.2,15,Lf_dual,0.08137866935850008
biexponential,0.2,15,OLS,0.4133334524920805
biexponential,0.2,15,Huber,0.10060597447446291
biexponential,0.2,15,Cauchy,0.08173549136493945
biexponential,0.2,15,GM,0.10619344910666628
biexponential,0.2,15,Welsch,0.10245670548308923
biexponential,0.2,15,Tukey,0.12221834147994082
biexponential,0.2,15,Barron,0.07979001161333169
biexponential,0.2,16,Lf_dual,0.09214526163923162
biexponential,0.2,16,OLS,97.8734894597402
biexponential,0.2,16,Huber,0.106335551733097
biexponential,0.2,16,Cauchy,0.2141139354974432
biexponential,0.2,16,GM,0.17645636875750467
biexponential,0.2,16,Welsch,0.14069465748579368
biexponential,0.2,16,Tukey,0.15363335980475618
biexponential,0.2,16,Barron,0.17172750281809165
biexponential,0.2,17,Lf_dual,0.10490770738214578
biexponential,0.2,17,OLS,0.4394247989186582
biexponential,0.2,17,Huber,0.25741216106081394
biexponential,0.2,17,Cauchy,64.70395986611672
biexponential,0.2,17,GM,0.19770846224486835
biexponential,0.2,17,Welsch,1.6274048859600865
biexponential,0.2,17,Tukey,0.5363189321924622
biexponential,0.2,17,Barron,4.024232188445186
biexponential,0.2,18,Lf_dual,0.2830186812068253
biexponential,0.2,18,OLS,0.7758499906715104
biexponential,0.2,18,Huber,1.0635106945025135
biexponential,0.2,18,Cauchy,2.4741327153188637
biexponential,0.2,18,GM,0.18154296501006223
biexponential,0.2,18,Welsch,0.48136552451111325
biexponential,0.2,18,Tukey,0.12685802950716557
biexponential,0.2,18,Barron,2.4219188823146798
biexponential,0.2,19,Lf_dual,0.2078573062262469
biexponential,0.2,19,OLS,271.2703353989849
biexponential,0.2,19,Huber,27.456911284014577
biexponential,0.2,19,Cauchy,139.2260902740186
biexponential,0.2,19,GM,0.7547101151423127
biexponential,0.2,19,Welsch,0.5289576020772874
biexponential,0.2,19,Tukey,0.3342189729755296
biexponential,0.2,19,Barron,16.92835657843564
biexponential,0.3,0,Lf_dual,0.343058492258348
biexponential,0.3,0,OLS,1.2115601030254441
biexponential,0.3,0,Huber,0.6190057411602329
biexponential,0.3,0,Cauchy,0.41120043973823117
biexponential,0.3,0,GM,0.35016459440024733
biexponential,0.3,0,Welsch,0.30897362942972934
biexponential,0.3,0,Tukey,0.2992650485489434
biexponential,0.3,0,Barron,0.4131373907728316
biexponential,0.3,1,Lf_dual,0.048956529819378286
biexponential,0.3,1,OLS,85.93401372995422
biexponential,0.3,1,Huber,0.36166777684643536
biexponential,0.3,1,Cauchy,0.07605185691466429
biexponential,0.3,1,GM,0.11529364625333033
biexponential,0.3,1,Welsch,0.07179176284576133
biexponential,0.3,1,Tukey,0.3484465677876504
biexponential,0.3,1,Barron,0.06510760675018891
biexponential,0.3,2,Lf_dual,0.10508866216813069
biexponential,0.3,2,OLS,1.2627775054126311
biexponential,0.3,2,Huber,0.6506132793468926
biexponential,0.3,2,Cauchy,0.19768270983333758
biexponential,0.3,2,GM,0.07452277798687078
biexponential,0.3,2,Welsch,0.22191505798912944
biexponential,0.3,2,Tukey,0.06522901170169879
biexponential,0.3,2,Barron,0.2858624067559447
biexponential,0.3,3,Lf_dual,0.18528579074884785
biexponential,0.3,3,OLS,23.86142129143196
biexponential,0.3,3,Huber,0.991839144818654
biexponential,0.3,3,Cauchy,0.8283428343409855
biexponential,0.3,3,GM,0.6656733572619814
biexponential,0.3,3,Welsch,0.6224436736874822
biexponential,0.3,3,Tukey,0.532365713768723
biexponential,0.3,3,Barron,0.7813006811020609
biexponential,0.3,4,Lf_dual,0.08078687031033678
biexponential,0.3,4,OLS,3.983485830217661
biexponential,0.3,4,Huber,0.13465500161056665
biexponential,0.3,4,Cauchy,0.038973961819281665
biexponential,0.3,4,GM,0.07385508512376013
biexponential,0.3,4,Welsch,0.05561578439563027
biexponential,0.3,4,Tukey,0.058563892806269634
biexponential,0.3,4,Barron,0.01795760933564548
biexponential,0.3,5,Lf_dual,0.20753524852950145
biexponential,0.3,5,OLS,297.01330586545777
biexponential,0.3,5,Huber,0.0702801429490444
biexponential,0.3,5,Cauchy,0.12607922000510596
biexponential,0.3,5,GM,0.10353032712028229
biexponential,0.3,5,Welsch,0.07555253449862463
biexponential,0.3,5,Tukey,0.08739353132847358
biexponential,0.3,5,Barron,0.11275495329683398
biexponential,0.3,6,Lf_dual,0.01413357704822465
biexponential,0.3,6,OLS,1299.9740524485965
biexponential,0.3,6,Huber,20.12944073741709
biexponential,0.3,6,Cauchy,0.10562863917458407
biexponential,0.3,6,GM,0.13249345411959665
biexponential,0.3,6,Welsch,0.1944810211362511
biexponential,0.3,6,Tukey,0.04911803742790518
biexponential,0.3,6,Barron,0.015440329139736595
biexponential,0.3,7,Lf_dual,0.09491411594452549
biexponential,0.3,7,OLS,19.0294324804991
biexponential,0.3,7,Huber,0.17513885390025158
biexponential,0.3,7,Cauchy,0.17769379136738822
biexponential,0.3,7,GM,0.16275990901000958
biexponential,0.3,7,Welsch,0.18369989136089182
biexponential,0.3,7,Tukey,0.19584879208271266
biexponential,0.3,7,Barron,0.18824291176825325
biexponential,0.3,8,Lf_dual,0.27814906463196054
biexponential,0.3,8,OLS,691.3985992840037
biexponential,0.3,8,Huber,5.043647521870913
biexponential,0.3,8,Cauchy,26.389006948241875
biexponential,0.3,8,GM,0.1362684280327631
biexponential,0.3,8,Welsch,1.140918586248276
biexponential,0.3,8,Tukey,0.5059816856162795
biexponential,0.3,8,Barron,6.932610343521245
biexponential,0.3,9,Lf_dual,0.1421437904378481
biexponential,0.3,9,OLS,68.33397521185697
biexponential,0.3,9,Huber,46.37757958267719
biexponential,0.3,9,Cauchy,60.850837951599416
biexponential,0.3,9,GM,3.640614586353816
biexponential,0.3,9,Welsch,0.6160057457046231
biexponential,0.3,9,Tukey,2.2058466197684607
biexponential,0.3,9,Barron,51.67166387244756
biexponential,0.3,10,Lf_dual,0.23000734363669986
biexponential,0.3,10,OLS,422.7737637262875
biexponential,0.3,10,Huber,17.909759354822246
biexponential,0.3,10,Cauchy,0.07207251963980799
biexponential,0.3,10,GM,0.06392927689629205
biexponential,0.3,10,Welsch,0.06103759207099736
biexponential,0.3,10,Tukey,0.05988799228455259
biexponential,0.3,10,Barron,0.07204645472172824
biexponential,0.3,11,Lf_dual,0.07824499503195807
biexponential,0.3,11,OLS,1.2693039631571623
biexponential,0.3,11,Huber,0.5817775906457751
biexponential,0.3,11,Cauchy,0.09667743758623985
biexponential,0.3,11,GM,0.02813182581861182
biexponential,0.3,11,Welsch,0.12776576192241978
biexponential,0.3,11,Tukey,0.01866578493810349
biexponential,0.3,11,Barron,0.15381426092649425
biexponential,0.3,12,Lf_dual,0.06024172856452969
biexponential,0.3,12,OLS,493.0936848247482
biexponential,0.3,12,Huber,0.1340907924287578
biexponential,0.3,12,Cauchy,0.03583575750707138
biexponential,0.3,12,GM,0.021592070991230245
biexponential,0.3,12,Welsch,0.03790945072211589
biexponential,0.3,12,Tukey,0.018493763502555473
biexponential,0.3,12,Barron,0.04537357118935053
biexponential,0.3,13,Lf_dual,0.09368736746552475
biexponential,0.3,13,OLS,0.42788091762843017
biexponential,0.3,13,Huber,1.298900981098732
biexponential,0.3,13,Cauchy,0.589678771023822
biexponential,0.3,13,GM,0.4036580097033153
biexponential,0.3,13,Welsch,0.13052669827298416
biexponential,0.3,13,Tukey,0.3584277286865287
biexponential,0.3,13,Barron,11.678753012725407
biexponential,0.3,14,Lf_dual,0.34636716902194287
biexponential,0.3,14,OLS,17.989042452612733
biexponential,0.3,14,Huber,0.10871377039823792
biexponential,0.3,14,Cauchy,0.2143156609306679
biexponential,0.3,14,GM,0.1903952273788244
biexponential,0.3,14,Welsch,0.16525512401667303
biexponential,0.3,14,Tukey,0.23798627151317744
biexponential,0.3,14,Barron,0.14565515599010237
biexponential,0.3,15,Lf_dual,0.274254245041185
biexponential,0.3,15,OLS,716.0589258485519
biexponential,0.3,15,Huber,79.39437413915556
biexponential,0.3,15,Cauchy,55.76908058568868
biexponential,0.3,15,GM,0.6740637872560724
biexponential,0.3,15,Welsch,0.6219256632590777
biexponential,0.3,15,Tukey,0.6580261378394716
biexponential,0.3,15,Barron,9.430132986734678
biexponential,0.3,16,Lf_dual,0.026250776400826292
biexponential,0.3,16,OLS,3.6644106512841135
biexponential,0.3,16,Huber,0.22637834666645656
biexponential,0.3,16,Cauchy,0.067087241666062
biexponential,0.3,16,GM,0.01520586447289301
biexponential,0.3,16,Welsch,0.014352287634081147
biexponential,0.3,16,Tukey,0.0078925970527413
biexponential,0.3,16,Barron,0.0447068344682869
biexponential,0.3,17,Lf_dual,0.2523601958661911
biexponential,0.3,17,OLS,2.089921058277249
biexponential,0.3,17,Huber,3.042776983785278
biexponential,0.3,17,Cauchy,0.029543141006230202
biexponential,0.3,17,GM,0.038333791997185694
biexponential,0.3,17,Welsch,0.5980223898592604
biexponential,0.3,17,Tukey,0.0471021019149784
biexponential,0.3,17,Barron,4.7844304821595065
biexponential,0.3,18,Lf_dual,0.14738286360029276
biexponential,0.3,18,OLS,159.95798109946801
biexponential,0.3,18,Huber,0.14793301389508043
biexponential,0.3,18,Cauchy,14.808801614374614
biexponential,0.3,18,GM,0.6289286497526289
biexponential,0.3,18,Welsch,1.1414498734295764
biexponential,0.3,18,Tukey,1.0014792765554033
biexponential,0.3,18,Barron,2.990858842921028
biexponential,0.3,19,Lf_dual,0.22755121017197588
biexponential,0.3,19,OLS,623.6718899868807
biexponential,0.3,19,Huber,41.3831339826234
biexponential,0.3,19,Cauchy,18.574486815053216
biexponential,0.3,19,GM,0.28963388820652747
biexponential,0.3,19,Welsch,0.06707150735049312
biexponential,0.3,19,Tukey,0.5765907582568309
biexponential,0.3,19,Barron,2.8222285500803515
gaussian_rbf,0.1,0,Lf_dual,0.0023325123109369677
gaussian_rbf,0.1,0,OLS,0.03827194158370994
gaussian_rbf,0.1,0,Huber,0.0014300140441227743
gaussian_rbf,0.1,0,Cauchy,0.002326669702901712
gaussian_rbf,0.1,0,GM,0.002157035201283997
gaussian_rbf,0.1,0,Welsch,0.00252483925980544
gaussian_rbf,0.1,0,Tukey,0.0023260786904709158
gaussian_rbf,0.1,0,Barron,0.0022519212630491593
gaussian_rbf,0.1,1,Lf_dual,0.003953688560944277
gaussian_rbf,0.1,1,OLS,0.024593964823916636
gaussian_rbf,0.1,1,Huber,0.002946137873665549
gaussian_rbf,0.1,1,Cauchy,0.0024284933353653617
gaussian_rbf,0.1,1,GM,0.0022028346179354705
gaussian_rbf,0.1,1,Welsch,0.0021526386873868962
gaussian_rbf,0.1,1,Tukey,0.002154818107118903
gaussian_rbf,0.1,1,Barron,0.002410238165508802
gaussian_rbf,0.1,2,Lf_dual,0.005050011179635998
gaussian_rbf,0.1,2,OLS,0.06669183619234387
gaussian_rbf,0.1,2,Huber,0.004386351884395467
gaussian_rbf,0.1,2,Cauchy,0.0023567318677705875
gaussian_rbf,0.1,2,GM,0.0018248927725698979
gaussian_rbf,0.1,2,Welsch,0.0018421784820337771
gaussian_rbf,0.1,2,Tukey,0.0018267413172459676
gaussian_rbf,0.1,2,Barron,0.00228501233219886
gaussian_rbf,0.1,3,Lf_dual,0.005725954219519612
gaussian_rbf,0.1,3,OLS,0.05456615837318163
gaussian_rbf,0.1,3,Huber,0.0006956312173955049
gaussian_rbf,0.1,3,Cauchy,0.001853220427871874
gaussian_rbf,0.1,3,GM,0.001601922679251059
gaussian_rbf,0.1,3,Welsch,0.0019495674524307948
gaussian_rbf,0.1,3,Tukey,0.0018311593180341198
gaussian_rbf,0.1,3,Barron,0.0015052843004676876
gaussian_rbf,0.1,4,Lf_dual,0.004068335115715063
gaussian_rbf,0.1,4,OLS,0.0035729210926882023
gaussian_rbf,0.1,4,Huber,0.0020541142548613123
gaussian_rbf,0.1,4,Cauchy,0.0031494624238334983
gaussian_rbf,0.1,4,GM,0.0031231351950282257
gaussian_rbf,0.1,4,Welsch,0.0022382894662164193
gaussian_rbf,0.1,4,Tukey,0.0025181950756104615
gaussian_rbf,0.1,4,Barron,0.0027060760745759964
gaussian_rbf,0.1,5,Lf_dual,0.0018450957485695238
gaussian_rbf,0.1,5,OLS,0.035221016513939676
gaussian_rbf,0.1,5,Huber,0.0021388113947719387
gaussian_rbf,0.1,5,Cauchy,0.0022035688980573164
gaussian_rbf,0.1,5,GM,0.002144790940141496
gaussian_rbf,0.1,5,Welsch,0.0023865512325879734
gaussian_rbf,0.1,5,Tukey,0.002262520009437482
gaussian_rbf,0.1,5,Barron,0.0021957588722210947
gaussian_rbf,0.1,6,Lf_dual,0.0021921706210290813
gaussian_rbf,0.1,6,OLS,0.051014424192809424
gaussian_rbf,0.1,6,Huber,0.0029609170770279053
gaussian_rbf,0.1,6,Cauchy,0.001154823829624811
gaussian_rbf,0.1,6,GM,0.1706179794223122
gaussian_rbf,0.1,6,Welsch,0.13121209882402207
gaussian_rbf,0.1,6,Tukey,0.17430000438596727
gaussian_rbf,0.1,6,Barron,0.0009358056261845232
gaussian_rbf,0.1,7,Lf_dual,0.0016179457811680072
gaussian_rbf,0.1,7,OLS,0.0328695412328502
gaussian_rbf,0.1,7,Huber,0.0029627651149724916
gaussian_rbf,0.1,7,Cauchy,0.0020333862757265907
gaussian_rbf,0.1,7,GM,0.0025657015058263392
gaussian_rbf,0.1,7,Welsch,0.002840487277960247
gaussian_rbf,0.1,7,Tukey,0.0026430913316319387
gaussian_rbf,0.1,7,Barron,0.0023717226381134624
gaussian_rbf,0.1,8,Lf_dual,0.0019934254045342195
gaussian_rbf,0.1,8,OLS,0.025802241014534717
gaussian_rbf,0.1,8,Huber,0.0033707796260842317
gaussian_rbf,0.1,8,Cauchy,0.0023918383862589015
gaussian_rbf,0.1,8,GM,0.002660085611245695
gaussian_rbf,0.1,8,Welsch,0.0032871606659892415
gaussian_rbf,0.1,8,Tukey,0.0031471395599108614
gaussian_rbf,0.1,8,Barron,0.0027790731092907747
gaussian_rbf,0.1,9,Lf_dual,0.0039906384351359216
gaussian_rbf,0.1,9,OLS,0.03858696738360918
gaussian_rbf,0.1,9,Huber,0.007847478062258656
gaussian_rbf,0.1,9,Cauchy,0.00537191712405287
gaussian_rbf,0.1,9,GM,0.0056914912304813405
gaussian_rbf,0.1,9,Welsch,0.005698797235186569
gaussian_rbf,0.1,9,Tukey,0.005663773809024176
gaussian_rbf,0.1,9,Barron,0.005892231399829634
gaussian_rbf,0.1,10,Lf_dual,0.0044784426675007795
gaussian_rbf,0.1,10,OLS,0.017556794521348423
gaussian_rbf,0.1,10,Huber,0.0038203216488589594
gaussian_rbf,0.1,10,Cauchy,0.0032576143483137613
gaussian_rbf,0.1,10,GM,0.0032074286008107323
gaussian_rbf,0.1,10,Welsch,0.003293001366136345
gaussian_rbf,0.1,10,Tukey,0.003204715961296771
gaussian_rbf,0.1,10,Barron,0.0032310581026743167
gaussian_rbf,0.1,11,Lf_dual,0.005048407730107866
gaussian_rbf,0.1,11,OLS,0.011856498613920425
gaussian_rbf,0.1,11,Huber,0.0027740978532286033
gaussian_rbf,0.1,11,Cauchy,0.003443498366713141
gaussian_rbf,0.1,11,GM,0.00271381236103439
gaussian_rbf,0.1,11,Welsch,0.0025207446296316148
gaussian_rbf,0.1,11,Tukey,0.14125556046241936
gaussian_rbf,0.1,11,Barron,0.0028347171002069908
gaussian_rbf,0.1,12,Lf_dual,0.0040498166295609
gaussian_rbf,0.1,12,OLS,0.037605885369817044
gaussian_rbf,0.1,12,Huber,0.005538186121312813
gaussian_rbf,0.1,12,Cauchy,0.003715538587427786
gaussian_rbf,0.1,12,GM,0.003292408776887376
gaussian_rbf,0.1,12,Welsch,0.002809994818312261
gaussian_rbf,0.1,12,Tukey,0.0030632879103108016
gaussian_rbf,0.1,12,Barron,0.0035661130931282673
gaussian_rbf,0.1,13,Lf_dual,0.004133122585297761
gaussian_rbf,0.1,13,OLS,0.03793929726815752
gaussian_rbf,0.1,13,Huber,0.004082351719701901
gaussian_rbf,0.1,13,Cauchy,0.0034826835712060355
gaussian_rbf,0.1,13,GM,0.003904508520906784
gaussian_rbf,0.1,13,Welsch,0.003775396654789912
gaussian_rbf,0.1,13,Tukey,0.004124485953561776
gaussian_rbf,0.1,13,Barron,0.003578157438149751
gaussian_rbf,0.1,14,Lf_dual,0.003158626113549139
gaussian_rbf,0.1,14,OLS,0.017294490349457473
gaussian_rbf,0.1,14,Huber,0.0007922717586336819
gaussian_rbf,0.1,14,Cauchy,0.0014452343858351296
gaussian_rbf,0.1,14,GM,0.15709963344433148
gaussian_rbf,0.1,14,Welsch,0.0009311276542389916
gaussian_rbf,0.1,14,Tukey,0.15489133387389625
gaussian_rbf,0.1,14,Barron,0.0011192559119066153
gaussian_rbf,0.1,15,Lf_dual,0.005311475948649884
gaussian_rbf,0.1,15,OLS,0.03159420386160013
gaussian_rbf,0.1,15,Huber,0.003810348526158037
gaussian_rbf,0.1,15,Cauchy,0.002750543301104751
gaussian_rbf,0.1,15,GM,0.002708150303894095
gaussian_rbf,0.1,15,Welsch,0.0023611963230086154
gaussian_rbf,0.1,15,Tukey,0.0022459998150348207
gaussian_rbf,0.1,15,Barron,0.0026420719086849578
gaussian_rbf,0.1,16,Lf_dual,0.0030904544681709793
gaussian_rbf,0.1,16,OLS,0.04189207920056227
gaussian_rbf,0.1,16,Huber,0.0013438136227147586
gaussian_rbf,0.1,16,Cauchy,0.0011761140345637991
gaussian_rbf,0.1,16,GM,0.0008577968138232042
gaussian_rbf,0.1,16,Welsch,0.0008519248205536827
gaussian_rbf,0.1,16,Tukey,0.0007318475946117677
gaussian_rbf,0.1,16,Barron,0.0011450949130685946
gaussian_rbf,0.1,17,Lf_dual,0.003447472037487936
gaussian_rbf,0.1,17,OLS,0.06685626208331784
gaussian_rbf,0.1,17,Huber,0.0026606036792885318
gaussian_rbf,0.1,17,Cauchy,0.0025433885384636605
gaussian_rbf,0.1,17,GM,0.0025415285052599037
gaussian_rbf,0.1,17,Welsch,0.002052148226831794
gaussian_rbf,0.1,17,Tukey,0.0023970340663666606
gaussian_rbf,0.1,17,Barron,0.002371321006648374
gaussian_rbf,0.1,18,Lf_dual,0.003964880578182514
gaussian_rbf,0.1,18,OLS,0.028421159748380744
gaussian_rbf,0.1,18,Huber,0.002205100141586805
gaussian_rbf,0.1,18,Cauchy,0.00353881066509614
gaussian_rbf,0.1,18,GM,0.00405256674916775
gaussian_rbf,0.1,18,Welsch,0.003954234946601831
gaussian_rbf,0.1,18,Tukey,0.0042354021249685105
gaussian_rbf,0.1,18,Barron,0.003594999176616406
gaussian_rbf,0.1,19,Lf_dual,0.00697195552311851
gaussian_rbf,0.1,19,OLS,0.03187694808570885
gaussian_rbf,0.1,19,Huber,0.0034447547256824407
gaussian_rbf,0.1,19,Cauchy,0.003719570475497337
gaussian_rbf,0.1,19,GM,0.0035081520507467003
gaussian_rbf,0.1,19,Welsch,0.00276412547003263
gaussian_rbf,0.1,19,Tukey,0.0030257635714941037
gaussian_rbf,0.1,19,Barron,0.0031842228086399306
gaussian_rbf,0.2,0,Lf_dual,0.002195277739767616
gaussian_rbf,0.2,0,OLS,0.0652147890876462
gaussian_rbf,0.2,0,Huber,0.0008873356581173763
gaussian_rbf,0.2,0,Cauchy,0.0013656474395503998
gaussian_rbf,0.2,0,GM,0.0012366602086848941
gaussian_rbf,0.2,0,Welsch,0.001047685145137578
gaussian_rbf,0.2,0,Tukey,0.0012763852177241006
gaussian_rbf,0.2,0,Barron,0.0012583945833795785
gaussian_rbf,0.2,1,Lf_dual,0.004603438757125053
gaussian_rbf,0.2,1,OLS,0.02453274717774727
gaussian_rbf,0.2,1,Huber,0.002652654602926166
gaussian_rbf,0.2,1,Cauchy,0.0018853709915315191
gaussian_rbf,0.2,1,GM,0.12977310300537886
gaussian_rbf,0.2,1,Welsch,0.12473488390942135
gaussian_rbf,0.2,1,Tukey,0.12776969424288187
gaussian_rbf,0.2,1,Barron,0.0016559213166385716
gaussian_rbf,0.2,2,Lf_dual,0.0019254219312629908
gaussian_rbf,0.2,2,OLS,0.13989134462955108
gaussian_rbf,0.2,2,Huber,0.006184065022193232
gaussian_rbf,0.2,2,Cauchy,0.001197355924443239
gaussian_rbf,0.2,2,GM,0.0016733452581365
gaussian_rbf,0.2,2,Welsch,0.0016457020776191342
gaussian_rbf,0.2,2,Tukey,0.0016193807271738384
gaussian_rbf,0.2,2,Barron,0.0010040816541848126
gaussian_rbf,0.2,3,Lf_dual,0.004654223237068607
gaussian_rbf,0.2,3,OLS,0.04036704591152486
gaussian_rbf,0.2,3,Huber,0.0015037242637223824
gaussian_rbf,0.2,3,Cauchy,0.0016853852308795563
gaussian_rbf,0.2,3,GM,0.0015106091187936505
gaussian_rbf,0.2,3,Welsch,0.0008957689678964479
gaussian_rbf,0.2,3,Tukey,0.0008240918342470166
gaussian_rbf,0.2,3,Barron,0.0010360365240963396
gaussian_rbf,0.2,4,Lf_dual,0.0039689372040395314
gaussian_rbf,0.2,4,OLS,0.09678651102817264
gaussian_rbf,0.2,4,Huber,0.0024585936318415147
gaussian_rbf,0.2,4,Cauchy,0.0018055439886034603
gaussian_rbf,0.2,4,GM,0.18124160719567742
gaussian_rbf,0.2,4,Welsch,0.15519223292105316
gaussian_rbf,0.2,4,Tukey,0.17289729461322195
gaussian_rbf,0.2,4,Barron,0.0012524636405296255
gaussian_rbf,0.2,5,Lf_dual,0.004488174698483668
gaussian_rbf,0.2,5,OLS,0.045223404497401226
gaussian_rbf,0.2,5,Huber,0.004086672541482134
gaussian_rbf,0.2,5,Cauchy,0.003542832318522113
gaussian_rbf,0.2,5,GM,0.003425141580646285
gaussian_rbf,0.2,5,Welsch,0.0032192590818645307
gaussian_rbf,0.2,5,Tukey,0.0032668252190127052
gaussian_rbf,0.2,5,Barron,0.0033972772636789187
gaussian_rbf,0.2,6,Lf_dual,0.003135185973416212
gaussian_rbf,0.2,6,OLS,0.04728276045427795
gaussian_rbf,0.2,6,Huber,0.0055283905362306625
gaussian_rbf,0.2,6,Cauchy,0.0034676173577082373
gaussian_rbf,0.2,6,GM,0.003533891713678211
gaussian_rbf,0.2,6,Welsch,0.0027402672372974636
gaussian_rbf,0.2,6,Tukey,0.0028343391722812816
gaussian_rbf,0.2,6,Barron,0.0034313925045454325
gaussian_rbf,0.2,7,Lf_dual,0.0013536236253877437
gaussian_rbf,0.2,7,OLS,0.06264874333218622
gaussian_rbf,0.2,7,Huber,0.003346276521367314
gaussian_rbf,0.2,7,Cauchy,0.0008523422091209081
gaussian_rbf,0.2,7,GM,0.10350332820025976
gaussian_rbf,0.2,7,Welsch,0.09335890370938224
gaussian_rbf,0.2,7,Tukey,0.10459891089102208
gaussian_rbf,0.2,7,Barron,0.0011457054518076836
gaussian_rbf,0.2,8,Lf_dual,0.002934034504144185
gaussian_rbf,0.2,8,OLS,0.02113335571099701
gaussian_rbf,0.2,8,Huber,0.007461767908452866
gaussian_rbf,0.2,8,Cauchy,0.004789160468824561
gaussian_rbf,0.2,8,GM,0.0047591902418059415
gaussian_rbf,0.2,8,Welsch,0.0049312050346018805
gaussian_rbf,0.2,8,Tukey,0.004708866082501008
gaussian_rbf,0.2,8,Barron,0.005121491175617957
gaussian_rbf,0.2,9,Lf_dual,0.00419834990815775
gaussian_rbf,0.2,9,OLS,0.08331381853259874
gaussian_rbf,0.2,9,Huber,0.0077823760960696224
gaussian_rbf,0.2,9,Cauchy,0.005715547259624864
gaussian_rbf,0.2,9,GM,0.005881534552527015
gaussian_rbf,0.2,9,Welsch,0.0059464026207739894
gaussian_rbf,0.2,9,Tukey,0.0057807486730467265
gaussian_rbf,0.2,9,Barron,0.005834407580248192
gaussian_rbf,0.2,10,Lf_dual,0.004629666723837544
gaussian_rbf,0.2,10,OLS,0.09124593364823046
gaussian_rbf,0.2,10,Huber,0.0058619151688365755
gaussian_rbf,0.2,10,Cauchy,0.0031208673436812595
gaussian_rbf,0.2,10,GM,0.0029256656459070484
gaussian_rbf,0.2,10,Welsch,0.00326139035603321
gaussian_rbf,0.2,10,Tukey,0.0031414725990797387
gaussian_rbf,0.2,10,Barron,0.0032171282673344043
gaussian_rbf,0.2,11,Lf_dual,0.006596526770263836
gaussian_rbf,0.2,11,OLS,0.04316623564417651
gaussian_rbf,0.2,11,Huber,0.0011752386080263301
gaussian_rbf,0.2,11,Cauchy,0.0014871455600164623
gaussian_rbf,0.2,11,GM,0.0019754372892149753
gaussian_rbf,0.2,11,Welsch,0.002497101460310494
gaussian_rbf,0.2,11,Tukey,0.002567217219046463
gaussian_rbf,0.2,11,Barron,0.0015034356089311093
gaussian_rbf,0.2,12,Lf_dual,0.004470721141155404
gaussian_rbf,0.2,12,OLS,0.05011743673572408
gaussian_rbf,0.2,12,Huber,0.0038487322536261376
gaussian_rbf,0.2,12,Cauchy,0.004104171255603581
gaussian_rbf,0.2,12,GM,0.003881670764336865
gaussian_rbf,0.2,12,Welsch,0.004304154391550843
gaussian_rbf,0.2,12,Tukey,0.003734482129680462
gaussian_rbf,0.2,12,Barron,0.004029084761306366
gaussian_rbf,0.2,13,Lf_dual,0.002510484434744806
gaussian_rbf,0.2,13,OLS,0.06410004051960999
gaussian_rbf,0.2,13,Huber,0.0019654187758116233
gaussian_rbf,0.2,13,Cauchy,0.0015951347920189626
gaussian_rbf,0.2,13,GM,0.0013488068080332555
gaussian_rbf,0.2,13,Welsch,0.001343361969115472
gaussian_rbf,0.2,13,Tukey,0.0012490607224492148
gaussian_rbf,0.2,13,Barron,0.0014811825020552875
gaussian_rbf,0.2,14,Lf_dual,0.007069497858939188
gaussian_rbf,0.2,14,OLS,0.07321734783160895
gaussian_rbf,0.2,14,Huber,0.006526368457315027
gaussian_rbf,0.2,14,Cauchy,0.003979668214805487
gaussian_rbf,0.2,14,GM,0.0030951219219289253
gaussian_rbf,0.2,14,Welsch,0.0029125228117232046
gaussian_rbf,0.2,14,Tukey,0.0024976456032128626
gaussian_rbf,0.2,14,Barron,0.0037708212989245302
gaussian_rbf,0.2,15,Lf_dual,0.005735382203752496
gaussian_rbf,0.2,15,OLS,0.10916271858222377
gaussian_rbf,0.2,15,Huber,0.003464123326355968
gaussian_rbf,0.2,15,Cauchy,0.002616607460106864
gaussian_rbf,0.2,15,GM,0.0028735510291441817
gaussian_rbf,0.2,15,Welsch,0.0023969906941404776
gaussian_rbf,0.2,15,Tukey,0.0026354345425991144
gaussian_rbf,0.2,15,Barron,0.0020045306508444057
gaussian_rbf,0.2,16,Lf_dual,0.0036739554590780447
gaussian_rbf,0.2,16,OLS,0.07617145902069593
gaussian_rbf,0.2,16,Huber,0.004565668782835867
gaussian_rbf,0.2,16,Cauchy,0.0008435848635203225
gaussian_rbf,0.2,16,GM,0.0007673641369332739
gaussian_rbf,0.2,16,Welsch,0.0009392801783325396
gaussian_rbf,0.2,16,Tukey,0.0005771167111834307
gaussian_rbf,0.2,16,Barron,0.000736210563110759
gaussian_rbf,0.2,17,Lf_dual,0.005987667623555086
gaussian_rbf,0.2,17,OLS,0.05081947582519122
gaussian_rbf,0.2,17,Huber,0.0047833622272496915
gaussian_rbf,0.2,17,Cauchy,0.003256331672555974
gaussian_rbf,0.2,17,GM,0.0036565417451390656
gaussian_rbf,0.2,17,Welsch,0.002243219311557531
gaussian_rbf,0.2,17,Tukey,0.0031010040449033216
gaussian_rbf,0.2,17,Barron,0.002880313624791278
gaussian_rbf,0.2,18,Lf_dual,0.004800448219209832
gaussian_rbf,0.2,18,OLS,0.04804616071981066
gaussian_rbf,0.2,18,Huber,0.0031957575982566404
gaussian_rbf,0.2,18,Cauchy,0.0038178270299031774
gaussian_rbf,0.2,18,GM,0.0037655175776490062
gaussian_rbf,0.2,18,Welsch,0.004167491956839794
gaussian_rbf,0.2,18,Tukey,0.004018717199442192
gaussian_rbf,0.2,18,Barron,0.003941536427347385
gaussian_rbf,0.2,19,Lf_dual,0.006233949457206116
gaussian_rbf,0.2,19,OLS,0.02134454761011217
gaussian_rbf,0.2,19,Huber,0.0025510425116084343
gaussian_rbf,0.2,19,Cauchy,0.0026860167983760795
gaussian_rbf,0.2,19,GM,0.0024807840629692437
gaussian_rbf,0.2,19,Welsch,0.0017777511433454862
gaussian_rbf,0.2,19,Tukey,0.0019516981145839209
gaussian_rbf,0.2,19,Barron,0.002284287191599969
gaussian_rbf,0.3,0,Lf_dual,0.0034644458520229427
gaussian_rbf,0.3,0,OLS,0.06732628957227602
gaussian_rbf,0.3,0,Huber,0.0018131073505080907
gaussian_rbf,0.3,0,Cauchy,0.0018472465464810684
gaussian_rbf,0.3,0,GM,0.0023006606039800903
gaussian_rbf,0.3,0,Welsch,0.0024052782391549656
gaussian_rbf,0.3,0,Tukey,0.0027753292985544845
gaussian_rbf,0.3,0,Barron,0.0017200207304957867
gaussian_rbf,0.3,1,Lf_dual,0.0035506755614080096
gaussian_rbf,0.3,1,OLS,0.10471497577903842
gaussian_rbf,0.3,1,Huber,0.005081384352359509
gaussian_rbf,0.3,1,Cauchy,0.0016011418743720755
gaussian_rbf,0.3,1,GM,0.001350893785471859
gaussian_rbf,0.3,1,Welsch,0.0032428379216112983
gaussian_rbf,0.3,1,Tukey,0.0017558467638052984
gaussian_rbf,0.3,1,Barron,0.001936004844313974
gaussian_rbf,0.3,2,Lf_dual,0.004380418448109923
gaussian_rbf,0.3,2,OLS,0.040562772126094916
gaussian_rbf,0.3,2,Huber,0.007111998161297878
gaussian_rbf,0.3,2,Cauchy,0.004487027795432097
gaussian_rbf,0.3,2,GM,0.003944009670867671
gaussian_rbf,0.3,2,Welsch,0.00527711530481043
gaussian_rbf,0.3,2,Tukey,0.0036141850941237186
gaussian_rbf,0.3,2,Barron,0.004830321528150418
gaussian_rbf,0.3,3,Lf_dual,0.003138742327087862
gaussian_rbf,0.3,3,OLS,0.08605488680040246
gaussian_rbf,0.3,3,Huber,0.003738042239907144
gaussian_rbf,0.3,3,Cauchy,0.0031449185870139457
gaussian_rbf,0.3,3,GM,0.0030794418059394476
gaussian_rbf,0.3,3,Welsch,0.0027476317490149303
gaussian_rbf,0.3,3,Tukey,0.0030729831249806457
gaussian_rbf,0.3,3,Barron,0.003112524521085764
gaussian_rbf,0.3,4,Lf_dual,0.006068972427982111
gaussian_rbf,0.3,4,OLS,0.10741860655771923
gaussian_rbf,0.3,4,Huber,0.004065067486342139
gaussian_rbf,0.3,4,Cauchy,0.004111718814286263
gaussian_rbf,0.3,4,GM,0.004051557155555615
gaussian_rbf,0.3,4,Welsch,0.0046267883209392974
gaussian_rbf,0.3,4,Tukey,0.004051493155761314
gaussian_rbf,0.3,4,Barron,0.003598087974390873
gaussian_rbf,0.3,5,Lf_dual,0.005467254420944044
gaussian_rbf,0.3,5,OLS,0.0563295165128908
gaussian_rbf,0.3,5,Huber,0.006639999293590784
gaussian_rbf,0.3,5,Cauchy,0.0035779459348398075
gaussian_rbf,0.3,5,GM,0.0032420622663513884
gaussian_rbf,0.3,5,Welsch,0.0032142990919415957
gaussian_rbf,0.3,5,Tukey,0.003614161171906487
gaussian_rbf,0.3,5,Barron,0.003853728012165758
gaussian_rbf,0.3,6,Lf_dual,0.0023142762638477545
gaussian_rbf,0.3,6,OLS,0.19124668665606456
gaussian_rbf,0.3,6,Huber,0.005273343152128262
gaussian_rbf,0.3,6,Cauchy,0.003247242678455896
gaussian_rbf,0.3,6,GM,0.002666738045428974
gaussian_rbf,0.3,6,Welsch,0.005879585743702162
gaussian_rbf,0.3,6,Tukey,0.0032844328332790928
gaussian_rbf,0.3,6,Barron,0.0038986563563510298
gaussian_rbf,0.3,7,Lf_dual,0.0010462738319057569
gaussian_rbf,0.3,7,OLS,0.028042610682653388
gaussian_rbf,0.3,7,Huber,0.0017412099594459555
gaussian_rbf,0.3,7,Cauchy,0.002030020282944693
gaussian_rbf,0.3,7,GM,0.0022997129436095848
gaussian_rbf,0.3,7,Welsch,0.0020354187042439568
gaussian_rbf,0.3,7,Tukey,0.1895503576885999
gaussian_rbf,0.3,7,Barron,0.0021114838745497945
gaussian_rbf,0.3,8,Lf_dual,0.0019037598618480223
gaussian_rbf,0.3,8,OLS,0.0843242072815531
gaussian_rbf,0.3,8,Huber,0.005313855990514789
gaussian_rbf,0.3,8,Cauchy,0.0025216315698344057
gaussian_rbf,0.3,8,GM,0.002881530619871792
gaussian_rbf,0.3,8,Welsch,0.0035537022185594073
gaussian_rbf,0.3,8,Tukey,0.003458627877196937
gaussian_rbf,0.3,8,Barron,0.002885893378376463
gaussian_rbf,0.3,9,Lf_dual,0.0044625599218787795
gaussian_rbf,0.3,9,OLS,0.05423055832051396
gaussian_rbf,0.3,9,Huber,0.00420687826561812
gaussian_rbf,0.3,9,Cauchy,0.0029708948268559027
gaussian_rbf,0.3,9,GM,0.0033244995774790276
gaussian_rbf,0.3,9,Welsch,0.0019568980344347375
gaussian_rbf,0.3,9,Tukey,0.00249260324078947
gaussian_rbf,0.3,9,Barron,0.0023146978004071625
gaussian_rbf,0.3,10,Lf_dual,0.0034056321674363977
gaussian_rbf,0.3,10,OLS,0.07495997651679459
gaussian_rbf,0.3,10,Huber,0.006574228878005217
gaussian_rbf,0.3,10,Cauchy,0.0035212915204503557
gaussian_rbf,0.3,10,GM,0.0031225962566157647
gaussian_rbf,0.3,10,Welsch,0.003835636933150739
gaussian_rbf,0.3,10,Tukey,0.0030968121306032496
gaussian_rbf,0.3,10,Barron,0.0037582434984082874
gaussian_rbf,0.3,11,Lf_dual,0.0034273959137434
gaussian_rbf,0.3,11,OLS,0.056560456992643705
gaussian_rbf,0.3,11,Huber,0.0055145884684959425
gaussian_rbf,0.3,11,Cauchy,0.002513452819163169
gaussian_rbf,0.3,11,GM,0.0029324775227085494
gaussian_rbf,0.3,11,Welsch,0.0027325693125297298
gaussian_rbf,0.3,11,Tukey,0.0035116068158726694
gaussian_rbf,0.3,11,Barron,0.0028466145825415193
gaussian_rbf,0.3,12,Lf_dual,0.0020639180340474225
gaussian_rbf,0.3,12,OLS,0.07914163893787522
gaussian_rbf,0.3,12,Huber,0.0081415247781053
gaussian_rbf,0.3,12,Cauchy,0.004078962321267144
gaussian_rbf,0.3,12,GM,0.004164382873307922
gaussian_rbf,0.3,12,Welsch,0.004383681869314243
gaussian_rbf,0.3,12,Tukey,0.004269653451589421
gaussian_rbf,0.3,12,Barron,0.004637915064363465
gaussian_rbf,0.3,13,Lf_dual,0.004172167720446171
gaussian_rbf,0.3,13,OLS,0.05545706706958978
gaussian_rbf,0.3,13,Huber,0.007357364399265342
gaussian_rbf,0.3,13,Cauchy,0.004132680734778642
gaussian_rbf,0.3,13,GM,0.0034886754125453153
gaussian_rbf,0.3,13,Welsch,0.004182855690621397
gaussian_rbf,0.3,13,Tukey,0.0029541266356560717
gaussian_rbf,0.3,13,Barron,0.004099818163025552
gaussian_rbf,0.3,14,Lf_dual,0.00648978741878842
gaussian_rbf,0.3,14,OLS,0.03757581355355831
gaussian_rbf,0.3,14,Huber,0.0047532497059972496
gaussian_rbf,0.3,14,Cauchy,0.0045375936343640885
gaussian_rbf,0.3,14,GM,0.1012391099630269
gaussian_rbf,0.3,14,Welsch,0.0040257899571807376
gaussian_rbf,0.3,14,Tukey,0.09802915121179508
gaussian_rbf,0.3,14,Barron,0.004274418943728298
gaussian_rbf,0.3,15,Lf_dual,0.00722673693207514
gaussian_rbf,0.3,15,OLS,0.06724265971164198
gaussian_rbf,0.3,15,Huber,0.0021335842424051684
gaussian_rbf,0.3,15,Cauchy,0.0027907771303767874
gaussian_rbf,0.3,15,GM,0.0026144542480449127
gaussian_rbf,0.3,15,Welsch,0.0017287696778476342
gaussian_rbf,0.3,15,Tukey,0.002016395741418447
gaussian_rbf,0.3,15,Barron,0.0019470769515423177
gaussian_rbf,0.3,16,Lf_dual,0.0035576779819538897
gaussian_rbf,0.3,16,OLS,0.12470458814014464
gaussian_rbf,0.3,16,Huber,0.006162807447839508
gaussian_rbf,0.3,16,Cauchy,0.0017094491486297312
gaussian_rbf,0.3,16,GM,0.09861035283032141
gaussian_rbf,0.3,16,Welsch,0.0010062726924133772
gaussian_rbf,0.3,16,Tukey,0.0964904208913933
gaussian_rbf,0.3,16,Barron,0.0016653874757831845
gaussian_rbf,0.3,17,Lf_dual,0.0019892773574871027
gaussian_rbf,0.3,17,OLS,0.034497107909597535
gaussian_rbf,0.3,17,Huber,0.004442368588920506
gaussian_rbf,0.3,17,Cauchy,0.002460280109866546
gaussian_rbf,0.3,17,GM,0.002497158775580765
gaussian_rbf,0.3,17,Welsch,0.0018914041479087026
gaussian_rbf,0.3,17,Tukey,0.0025733368275661864
gaussian_rbf,0.3,17,Barron,0.0023451767000745925
gaussian_rbf,0.3,18,Lf_dual,0.004493596470992296
gaussian_rbf,0.3,18,OLS,0.021060401122175075
gaussian_rbf,0.3,18,Huber,0.003572300823727275
gaussian_rbf,0.3,18,Cauchy,0.0034627155786815865
gaussian_rbf,0.3,18,GM,0.0031619811740378656
gaussian_rbf,0.3,18,Welsch,0.002641981579687562
gaussian_rbf,0.3,18,Tukey,0.0029743667384198734
gaussian_rbf,0.3,18,Barron,0.0032531750874209365
gaussian_rbf,0.3,19,Lf_dual,0.0059440120743847755
gaussian_rbf,0.3,19,OLS,0.06418386575045172
gaussian_rbf,0.3,19,Huber,0.0034531141065168506
gaussian_rbf,0.3,19,Cauchy,0.001694655129946805
gaussian_rbf,0.3,19,GM,0.0016036286568598022
gaussian_rbf,0.3,19,Welsch,0.001461201043640035
gaussian_rbf,0.3,19,Tukey,0.11065652760945853
gaussian_rbf,0.3,19,Barron,0.0015843128650842233
